name,radius,ind,names_org,uid_org,country,lat,lon
Alajuela,1,148,Cscr,cscr,Costa Rica,10.0159394,-84.2141701
Altaneira,1,75,Fundação Educativa E Cultural - Arca,fundacao-educativa-e-cultural-arca,Brasil,-6.988451,-39.7484115
Antigua Guatemala,1,129,Consejo Civico De Vecinos,consejo-civico-de-vecinos,Guatemala,14.5586,90.7295
Araranguá,4,17,"Núcleo De Estudos Em Inteligência, Gestão E Tecnologias Para Inovação (Igti)",nucleo-de-estudos-em-inteligencia-gestão-e-tecnologias-para-inovacão-igti,Brasil,-28.9361187,-49.4923013
Araranguá,4,17,Universidade Federal De Santa Catarina,universidade-federal-de-santa-catarina,Brasil,-28.9361187,-49.4923013
Araranguá,4,17,Centro Tecnológico (Ctc),centro-tecnologico-ctc,Brasil,-28.9361187,-49.4923013
Araranguá,4,17,Departamento De Engenharia E Gestão Do Conhecimento (Degc),departamento-de-engenharia-e-gestão-do-conhecimento-degc,Brasil,-28.9361187,-49.4923013
Arequipa,1,34,"Derecho, Ambiente Y Recursos Naturales",derecho-ambiente-y-recursos-naturales,Perú,-16.4090474,-71.537451
Asunción,13,107,W3,w3,Paraguay,-25.2637399,-57.575926
Asunción,13,107,Fundación Centro Latinoamericano de Derechos Humanos,fundacion-centro-latinoamericano-de-derechos-humanos,Paraguay,-25.2637399,-57.575926
Asunción,13,107,Tedic,tedic,Paraguay,-25.2637399,-57.575926
Asunción,13,107,Centro De Estudios Ambientales Y Sociales (Ceamso),centro-de-estudios-ambientales-y-sociales-ceamso,Paraguay,-25.2637399,-57.575926
Asunción,13,107,Opendata.Py,opendata-py,Paraguay,-25.2637399,-57.575926
Asunción,13,107,Hacklab Asunción,hacklab-asuncion,Paraguay,-25.2637399,-57.575926
Asunción,13,107,Codium,codium,Paraguay,-25.2637399,-57.575926
Asunción,13,107,"Departamento de Electrónica e Informática, Universidad Católica \""Ntra. Señora de la Asunción\"", Paraguay",departamento-de-electronica-e-informatica-universidad-catolica-ntra-senora-de-la-asuncion-paraguay,Paraguay,-25.2637399,-57.575926
Asunción,13,107,Maga Systems & Consulting,maga-systems-consulting,Paraguay,-25.2637399,-57.575926
Asunción,13,107,Centro De Desarrollo Sostenible,centro-de-desarrollo-sostenible,Paraguay,-25.2637399,-57.575926
Asunción,13,107,Fundación Paraguaya,fundacion-paraguaya,Paraguay,-25.2637399,-57.575926
Asunción,13,107,Mingarã. Asociación Para El Desarrollo Sustentable,mingarã-asociacion-para-el-desarrollo-sustentable,Paraguay,-25.2637399,-57.575926
Asunción,13,107,Hack Hackers Asuncion,hack-hackers-asuncion,Paraguay,-25.2637399,-57.575926
Balneário Camboriu,1,16,Instituto Stela,instituto-stela,Brasil,-27.0015756,-48.637905
Barcelona,1,46,Pictórica Comunicações S/C Ltda,pictorica-comunicacoes-s-c-ltda,Otro,41.401413,2.157862
Barranquilla,1,141,Asociación Colectivo Mujeres Al Derecho,asociacion-colectivo-mujeres-al-derecho,Colombia,11.0041072,-74.8069813
Belém,2,62,"Ouvidoria-Geral Da União / Ministério Da Transparência, Fiscalização E Controladoria-Geral Da União?-Cgu",ouvidoria-geral-da-união-ministerio-da-transparencia-fiscalizacão-e-controladoria-geral-da-união-cgu,Brasil,-1.4557292,-48.4901785
Belém,2,62,Instituto Floresta Tropical,instituto-floresta-tropical,Brasil,-1.4557292,-48.4901785
Belo Horizonte,10,97,Jmm Tech,jmm-tech,Brasil,-19.9172987,-43.9345593
Belo Horizonte,10,97,Centro Universitario de Belo Horizonte - UniBh / ANIMA Educación,centro-universitario-de-belo-horizonte-unibh-anima-educacion,Brasil,-19.9172987,-43.9345593
Belo Horizonte,10,97,Malalai Tecnologia De Segurança Ltda,malalai-tecnologia-de-seguranca-ltda,Brasil,-19.9172987,-43.9345593
Belo Horizonte,10,97,Gafit Soluções Em Automação Ltda - Me,gafit-solucões-em-automacão-ltda-me,Brasil,-19.9172987,-43.9345593
Belo Horizonte,10,97,Prosas Tecnologia Social Ltda,prosas-tecnologia-social-ltda,Brasil,-19.9172987,-43.9345593
Belo Horizonte,10,97,Associação Casa Fluminense,associacão-casa-fluminense,Brasil,-19.9172987,-43.9345593
Belo Horizonte,10,97,Centro Universitário De Belo Horizonte,centro-universitario-de-belo-horizonte,Brasil,-19.9172987,-43.9345593
Belo Horizonte,10,97,Associação Comunitária De Bento Rodrigues,associacão-comunitaria-de-bento-rodrigues,Brasil,-19.9172987,-43.9345593
Belo Horizonte,10,97,Anima Educación,anima-educacion,Brasil,-19.9172987,-43.9345593
Belo Horizonte,10,97,Nachhaltigkeit Educação Ltda,nachhaltigkeit-educacão-ltda,Brasil,-19.9172987,-43.9345593
Berkeley,2,40,"Social Apps Lab, University Of California, Berkeley",social-apps-lab-university-of-california-berkeley,Otro,37.8715926,-122.272747
Berkeley,2,40,Redlad,redlad,Otro,37.8715926,-122.272747
Bogotá,66,124,Fundación Gestores Sociales,fundacion-gestores-sociales,Colombia,4.7109886,-74.072092
Bogotá,66,124,Fundacion Gobierno Abierto,fundacion-gobierno-abierto,Colombia,4.7109886,-74.072092
Bogotá,66,124,Manejo Inteligente De Residuos Y Gestión Ambiental Minga,manejo-inteligente-de-residuos-y-gestion-ambiental-minga,Colombia,4.7109886,-74.072092
Bogotá,66,124,Wingu,wingu,Colombia,4.7109886,-74.072092
Bogotá,66,124,Facultad De Ingenería Universidad De Los Andes,facultad-de-ingeneria-universidad-de-los-andes,Colombia,4.7109886,-74.072092
Bogotá,66,124,Fundación Buena Nota,fundacion-buena-nota,Colombia,4.7109886,-74.072092
Bogotá,66,124,Fundación Karisma,fundacion-karisma,Colombia,4.7109886,-74.072092
Bogotá,66,124,Gobierno De Colombia,gobierno-de-colombia,Colombia,4.7109886,-74.072092
Bogotá,66,124,Wheels,wheels,Colombia,4.7109886,-74.072092
Bogotá,66,124,Fundación Corona,fundacion-corona,Colombia,4.7109886,-74.072092
Bogotá,66,124,Fundación Ecomunidad,fundacion-ecomunidad,Colombia,4.7109886,-74.072092
Bogotá,66,124,Corporación Somos Más,corporacion-somos-mas,Colombia,4.7109886,-74.072092
Bogotá,66,124,Unicef,unicef,Colombia,4.7109886,-74.072092
Bogotá,66,124,Seamos,seamos,Colombia,4.7109886,-74.072092
Bogotá,66,124,"Mapa De Medios,Ifai",mapa-de-medios-ifai,Colombia,4.7109886,-74.072092
Bogotá,66,124,Fundación Mi Sangre,fundacion-mi-sangre,Colombia,4.7109886,-74.072092
Bogotá,66,124,Corporación Red Somos,corporacion-red-somos,Colombia,4.7109886,-74.072092
Bogotá,66,124,Universidad Nacional (Vivelab),universidad-nacional-vivelab,Colombia,4.7109886,-74.072092
Bogotá,66,124,El Tiempo,el-tiempo,Colombia,4.7109886,-74.072092
Bogotá,66,124,Cultivando Futuro,cultivando-futuro,Colombia,4.7109886,-74.072092
Bogotá,66,124,Consejo de Redacción,consejo-de-redaccion,Colombia,4.7109886,-74.072092
Bogotá,66,124,Xue Colombia Ltda,xue-colombia-ltda,Colombia,4.7109886,-74.072092
Bogotá,66,124,MOE,moe,Colombia,4.7109886,-74.072092
Bogotá,66,124,Burócratas,burocratas,Colombia,4.7109886,-74.072092
Bogotá,66,124,Uniandes,uniandes,Colombia,4.7109886,-74.072092
Bogotá,66,124,"Veeduria Distrital De Bogotá, Veeduría Delegada Para La Contratación",veeduria-distrital-de-bogota-veeduria-delegada-para-la-contratacion,Colombia,4.7109886,-74.072092
Bogotá,66,124,Pacifista,pacifista-col,Colombia,4.7109886,-74.072092
Bogotá,66,124,"Ministerio De Salud,La Factura",ministerio-de-salud-la-factura,Colombia,4.7109886,-74.072092
Bogotá,66,124,Laboratorio Para La Acción Pública,laboratorio-para-la-accion-publica,Colombia,4.7109886,-74.072092
Bogotá,66,124,Corporación Con Tacto Local,corporacion-con-tacto-local,Colombia,4.7109886,-74.072092
Bogotá,66,124,Centro Nacional de Memoria Histórica,centro-nacional-memoria-historica,Colombia,4.7109886,-74.072092
Bogotá,66,124,How To Build Up,how-to-build-up,Colombia,4.7109886,-74.072092
Bogotá,66,124,Camaleon Multimedia Sas,camaleon-multimedia-sas,Colombia,4.7109886,-74.072092
Bogotá,66,124,tusdatos.co,tus-datos,Colombia,4.7109886,-74.072092
Bogotá,66,124,Hacks/Hackers Bogota,hacks-hackers-bogota,Colombia,4.7109886,-74.072092
Bogotá,66,124,Fundación para la Libertad de Prensa,flip,Colombia,4.7109886,-74.072092
Bogotá,66,124,La Silla Vacía,la-silla-vacia,Colombia,4.7109886,-74.072092
Bogotá,66,124,Olinguito,olinguito,Colombia,4.7109886,-74.072092
Bogotá,66,124,Ecosocial Consultores S.A.S,ecosocial-consultores-s-a-s,Colombia,4.7109886,-74.072092
Bogotá,66,124,Fundacion Ideas Para La Paz,fundacion-ideas-para-la-paz,Colombia,4.7109886,-74.072092
Bogotá,66,124,Policéntrico,policentrico,Colombia,4.7109886,-74.072092
Bogotá,66,124,Fundación Despacio,fundacion-despacio,Colombia,4.7109886,-74.072092
Bogotá,66,124,Innpactia S.A.S.,innpactia-s-a-s,Colombia,4.7109886,-74.072092
Bogotá,66,124,Inkco Sas,inkco-sas,Colombia,4.7109886,-74.072092
Bogotá,66,124,Arquitectura Expandida,arquitectura-expandida,Colombia,4.7109886,-74.072092
Bogotá,66,124,Chicas Poderosas Colombia,chicas-poderosas-col,Colombia,4.7109886,-74.072092
Bogotá,66,124,Cámara De Comercio De Bogotá - Ccb,camara-de-comercio-de-bogota-ccb,Colombia,4.7109886,-74.072092
Bogotá,66,124,Datasketch,datasketch,Colombia,4.7109886,-74.072092
Bogotá,66,124,"Mapa,Ieepp",mapa-ieepp,Colombia,4.7109886,-74.072092
Bogotá,66,124,Monoku,monoku,Colombia,4.7109886,-74.072092
Bogotá,66,124,Nova Grupo De Consultoria Sas,nova-grupo-de-consultoria-sas,Colombia,4.7109886,-74.072092
Bogotá,66,124,Corporación Seamos - Democracia Digital,corporacion-seamos-democracia-digital,Colombia,4.7109886,-74.072092
Bogotá,66,124,Cuestión Pública,cuestion-publica,Colombia,4.7109886,-74.072092
Bogotá,66,124,Sebuscan Sas,sebuscan-sas,Colombia,4.7109886,-74.072092
Bogotá,66,124,Fundación Bit,fundacion-bit,Colombia,4.7109886,-74.072092
Bogotá,66,124,Movilizatorio,movilizatorio,Colombia,4.7109886,-74.072092
Bogotá,66,124,Unidad de Investigación Periodística,unidad-investigacion-periodistica,Colombia,4.7109886,-74.072092
Bogotá,66,124,Transparencia por Colombia,transparencia-por-colombia,Colombia,4.7109886,-74.072092
Bogotá,66,124,Enredo,enredo,Colombia,4.7109886,-74.072092
Bogotá,66,124,Rutas del Conflicto,rutas-del-conflicto,Colombia,4.7109886,-74.072092
Bogotá,66,124,Random Monkey SAS,random-monkey-sas,Colombia,4.7109886,-74.072092
Bogotá,66,124,Colnodo – Asociación Colombiana De Organizaciones No Gubernamentales Para La Comunicación Vía Correo Electrónico,colnodo-asociacion-colombiana-de-organizaciones-no-gubernamentales-para-la-comunicacion-via-correo-electronico,Colombia,4.7109886,-74.072092
Bogotá,66,124,Gerico,gerico,Colombia,4.7109886,-74.072092
Bogotá,66,124,"Veeduría Distrital De Bogotá, Veeduría Delegada Para La Participación Y Los Programas Especiales",veeduria-distrital-de-bogota-veeduria-delegada-para-la-participacion-y-los-programas-especiales,Colombia,4.7109886,-74.072092
Bogotá,66,124,"Consultoría para los Derechos Humanos y el Desplazamiento, CODHES",codhes,Colombia,4.7109886,-74.072092
Bogotá,66,124,El Avispero,el-avispero,Colombia,4.7109886,-74.072092
Brasilia,6,38,Ong Para Iberoamerica,ong-para-iberoamerica,Brasil,-15.826691,-47.9218204
Brasilia,6,38,Centro De Mídias Cívicas Do Mit Media Lab,centro-de-midias-civicas-do-mit-media-lab,Brasil,-15.826691,-47.9218204
Brasilia,6,38,Faculdade Latino-Americana De Ciências Sociais (Flacso),faculdade-latino-americana-de-ciencias-sociais-flacso,Brasil,-15.826691,-47.9218204
Brasilia,6,38,Cobracriada,cobracriada,Brasil,-15.826691,-47.9218204
Brasilia,6,38,Instituto Nossa Ilhéus,instituto-nossa-ilheus,Brasil,-15.826691,-47.9218204
Brasilia,6,38,CobraCriada-#InteligênciaEmRede,cobracriada-inteligenciaemrede,Brasil,-15.826691,-47.9218204
Bruselas,1,23,Instituto Del Desarrollo De La Juventud,instituto-del-desarrollo-de-la-juventud,Otro,50.8503396,4.3517103
Bucaramanga,6,135,Comite Para La Democratización De La Informatica. Cdi Colombia,comite-para-la-democratizacion-de-la-informatica-cdi-colombia,Colombia,7.119349,-73.1227416
Bucaramanga,6,135,"Grupo CIDIC + GRUPO CEMOS / Esc. de Ingeniería Eléctrica, Electrónica y de Telecomunicaciones / Universidad Industrial de Santander",grupo-cidic-grupo-cemos-esc-de-ingenieria-electrica-electronica-y-de-telecomunicaciones-universidad-industrial-de-santander,Colombia,7.119349,-73.1227416
Bucaramanga,6,135,Universidad Industrial De Santander,universidad-industrial-de-santander,Colombia,7.119349,-73.1227416
Bucaramanga,6,135,Guarumo,guarumo,Colombia,7.119349,-73.1227416
Bucaramanga,6,135,Parapapapp Sas,parapapapp-sas,Colombia,7.119349,-73.1227416
Bucaramanga,6,135,Corporación Cobeii,corporacion-cobeii,Colombia,7.119349,-73.1227416
Buenos Aires,41,83,Fundación Huésped,fundacion-huesped,Argentina,-34.6036844,-58.3815591
Buenos Aires,41,83,Wingu,wingu,Argentina,-34.6036844,-58.3815591
Buenos Aires,41,83,Atlas Smart Cities,atlas-smart-cities,Argentina,-34.6036844,-58.3815591
Buenos Aires,41,83,Democracia En Red,democracia-en-red,Argentina,-34.6036844,-58.3815591
Buenos Aires,41,83,Las de Sistemas,las-de-sistemas,Argentina,-34.6036844,-58.3815591
Buenos Aires,41,83,Fundación Centro Latinoamericano de Derechos Humanos,fundacion-centro-latinoamericano-de-derechos-humanos,Argentina,-34.6036844,-58.3815591
Buenos Aires,41,83,Poder Ciudadano,poder-ciudadano,Argentina,-34.6036844,-58.3815591
Buenos Aires,41,83,Mismatica Management (Sistemas De Gestión Mismatica Chile Limitada),mismatica-management-sistemas-de-gestion-mismatica-chile-limitada,Argentina,-34.6036844,-58.3815591
Buenos Aires,41,83,Techo,techo,Argentina,-34.6036844,-58.3815591
Buenos Aires,41,83,La Nación,la-nacion-arg,Argentina,-34.6036844,-58.3815591
Buenos Aires,41,83,Fundación Enseñá Por Argentina,fundacion-ensena-por-argentina,Argentina,-34.6036844,-58.3815591
Buenos Aires,41,83,"Iniciativa,Ministerio De Economia De Peru,Ministerio  De Economia",iniciativa-ministerio-de-economia-de-peru-ministerio-de-economia,Argentina,-34.6036844,-58.3815591
Buenos Aires,41,83,Revista Sudestada,sudestada,Argentina,-34.6036844,-58.3815591
Buenos Aires,41,83,Fundación Naturaleza Para El Futuro (Funafu),fundacion-naturaleza-para-el-futuro-funafu,Argentina,-34.6036844,-58.3815591
Buenos Aires,41,83,Grupo Faro,grupo-faro,Argentina,-34.6036844,-58.3815591
Buenos Aires,41,83,Chequeado,chequeado,Argentina,-34.6036844,-58.3815591
Buenos Aires,41,83,Asuntos Del Sur,asuntos-del-sur,Argentina,-34.6036844,-58.3815591
Buenos Aires,41,83,Ada,ada,Argentina,-34.6036844,-58.3815591
Buenos Aires,41,83,LNData,lndata,Argentina,-34.6036844,-58.3815591
Buenos Aires,41,83,Open Knowledge Foundation,open-knowledge-foundation,Argentina,-34.6036844,-58.3815591
Buenos Aires,41,83,Espacio Público,espacio-publico,Argentina,-34.6036844,-58.3815591
Buenos Aires,41,83,Economía Feminista,economia-feminista,Argentina,-34.6036844,-58.3815591
Buenos Aires,41,83,Fundación Pacientes Cáncer De Pulmón,fundacion-pacientes-cancer-de-pulmon,Argentina,-34.6036844,-58.3815591
Buenos Aires,41,83,Dirección De Gobierno Abierto Y Datos Abiertos,direccion-de-gobierno-abierto-y-datos-abiertos,Argentina,-34.6036844,-58.3815591
Buenos Aires,41,83,Moodstudio,moodstudio,Argentina,-34.6036844,-58.3815591
Buenos Aires,41,83,Centro De Pensamiento Estratégico Internacional - Cepei,centro-de-pensamiento-estrategico-internacional-cepei,Argentina,-34.6036844,-58.3815591
Buenos Aires,41,83,ACIJ - Asociación Civil por la Igualdad y la Justicia,asociacion-civil-por-la-igualdad-y-la-justicia-arg,Argentina,-34.6036844,-58.3815591
Buenos Aires,41,83,Atix Labs Srl,atix-labs-srl,Argentina,-34.6036844,-58.3815591
Buenos Aires,41,83,Comunidad Huerta,comunidad-huerta,Argentina,-34.6036844,-58.3815591
Buenos Aires,41,83,CTRL S.A.,ctrl-s-a,Argentina,-34.6036844,-58.3815591
Buenos Aires,41,83,Directorio Legislativo,directorio-legislativo,Argentina,-34.6036844,-58.3815591
Buenos Aires,41,83,Avina Americas,avina,Argentina,-34.6036844,-58.3815591
Buenos Aires,41,83,Foro de Periodismo Argentino,foro-de-periodismo-argentino,Argentina,-34.6036844,-58.3815591
Buenos Aires,41,83,Diario La Nación,diario-la-nacion,Argentina,-34.6036844,-58.3815591
Buenos Aires,41,83,Congreso Interactivo,congreso-interactivo,Argentina,-34.6036844,-58.3815591
Buenos Aires,41,83,"Fundación Laboratorio De Políticas Públicas, Lpp",fundacion-laboratorio-de-politicas-publicas-lpp,Argentina,-34.6036844,-58.3815591
Buenos Aires,41,83,Científicas de Datos,cientificas-de-datos,Argentina,-34.6036844,-58.3815591
Buenos Aires,41,83,Dirección De Gobierno Abierto Y Datos Abiertos De La Provincia De Buenos Aires,direccion-de-gobierno-abierto-y-datos-abiertos-de-la-provincia-de-buenos-aires,Argentina,-34.6036844,-58.3815591
Buenos Aires,41,83,"Wingu, Tecnología sin fines de lucro",wingu-tecnologia-sin-fines-de-lucro,Argentina,-34.6036844,-58.3815591
Buenos Aires,41,83,Faro Digital,faro-digital,Argentina,-34.6036844,-58.3815591
Buenos Aires,41,83,On The Move,on-the-move,Argentina,-34.6036844,-58.3815591
Campinas,1,49,Instituto Phomenta,instituto-phomenta,Brasil,-22.9329252,-47.073845
Cancún,2,87,"Consejo Cívico De Instituciones De Nuevo León, A.C.",consejo-civico-de-instituciones-de-nuevo-leon-a-c,México,21.161908,-86.8515279
Cancún,2,87,Instituto De Políticas Para El Transporte Y El Desarrollo (Itdp),instituto-de-politicas-para-el-transporte-y-el-desarrollo-itdp,México,21.161908,-86.8515279
Caracas,4,123,Vendata,vendata,Venezuela,10.4805937,-66.9036063
Caracas,4,123,"Asociación Nacional De Directores De Bibliotecas, Redes Y Servicios De Información Del Sector Académico, Universitario Y De Investigación (Anabisai)",asociacion-nacional-de-directores-de-bibliotecas-redes-y-servicios-de-informacion-del-sector-academico-universitario-y-de-investigacion-anabisai,Venezuela,10.4805937,-66.9036063
Caracas,4,123,Centro De Justicia Y Paz - Cepaz,centro-de-justicia-y-paz-cepaz,Venezuela,10.4805937,-66.9036063
Caracas,4,123,Open Data Venezuela,open-data-venezuela,Venezuela,10.4805937,-66.9036063
Caribe,2,80,Regional,regional,Caribe,21.4691,78.6569
Caribe,2,80,Slashroots,slashroots,Caribe,21.4691,78.6569
Cartagena,2,51,Fundación Cívico Social Pro Cartagena - Funcicar,fundacion-civico-social-pro-cartagena-funcicar,Colombia,10.3910485,-75.4794257
Cartagena,2,51,Zeus Tecnologica S.A,zeus-tecnologica-s-a,Colombia,10.3910485,-75.4794257
Ciudad de México,79,99,Socialtic,socialtic,México,19.4326077,-99.133208
Ciudad de México,79,99,"Plan B Para El Desarrollo, Ac",plan-b-para-el-desarrollo-ac,México,19.4326077,-99.133208
Ciudad de México,79,99,Instituto Nacional De La Economía Social,instituto-nacional-de-la-economia-social,México,19.4326077,-99.133208
Ciudad de México,79,99,Gobierno Fácil,gobierno-facil,México,19.4326077,-99.133208
Ciudad de México,79,99,Cultura Y Educación Para El Desarrollo Y La Autonomía En México,cultura-y-educacion-para-el-desarrollo-y-la-autonomia-en-mexico,México,19.4326077,-99.133208
Ciudad de México,79,99,Wingu,wingu,México,19.4326077,-99.133208
Ciudad de México,79,99,Avisora,avisora,México,19.4326077,-99.133208
Ciudad de México,79,99,"Fundar, Centro De Análisis E Investigación",fundar-centro-de-analisis-e-investigacion,México,19.4326077,-99.133208
Ciudad de México,79,99,Ruta Cívica,ruta-civica,México,19.4326077,-99.133208
Ciudad de México,79,99,Red Consejo Ciudadano A La Contraloria A.C.,red-consejo-ciudadano-a-la-contraloria-a-c,México,19.4326077,-99.133208
Ciudad de México,79,99,PODER,project-poder,México,19.4326077,-99.133208
Ciudad de México,79,99,Fundación Centro Latinoamericano de Derechos Humanos,fundacion-centro-latinoamericano-de-derechos-humanos,México,19.4326077,-99.133208
Ciudad de México,79,99,Tribunal Permanente De Los Pueblos,tribunal-permanente-de-los-pueblos,México,19.4326077,-99.133208
Ciudad de México,79,99,Associated Whistleblowing Press,associated-whistleblowing-press,México,19.4326077,-99.133208
Ciudad de México,79,99,R3D: Red en Defensa de los Derechos Digitales,r3d-mexico,México,19.4326077,-99.133208
Ciudad de México,79,99,"Agencia Metropolitana De Seguridad, Laboratorio De Políticas Públicas",agencia-metropolitana-de-seguridad-laboratorio-de-politicas-publicas,México,19.4326077,-99.133208
Ciudad de México,79,99,Servicios Universitarios Y Redes De Conocimiento En Oaxaca A C,servicios-universitarios-y-redes-de-conocimiento-en-oaxaca-a-c,México,19.4326077,-99.133208
Ciudad de México,79,99,Olmeca Soy,olmeca-soy,México,19.4326077,-99.133208
Ciudad de México,79,99,Cívica Digital civica-digital-mexico-sapi-de-cv,civica-digital,México,19.4326077,-99.133208
Ciudad de México,79,99,World Resources Institute México,world-resources-institute-mexico,México,19.4326077,-99.133208
Ciudad de México,79,99,"Mapa De Medios,Ifai",mapa-de-medios-ifai,México,19.4326077,-99.133208
Ciudad de México,79,99,War Contenidos,war-contenidos,México,19.4326077,-99.133208
Ciudad de México,79,99,Oeste.Mx,oeste-mx,México,19.4326077,-99.133208
Ciudad de México,79,99,Protrash,protrash,México,19.4326077,-99.133208
Ciudad de México,79,99,Cide,cide,México,19.4326077,-99.133208
Ciudad de México,79,99,Animal Político,animal-politico,México,19.4326077,-99.133208
Ciudad de México,79,99,Centro De Investigación Económica Y Presupuestaria A.C.,centro-de-investigacion-economica-y-presupuestaria-a-c,México,19.4326077,-99.133208
Ciudad de México,79,99,Distintas Latitudes,distintas-latitudes,México,19.4326077,-99.133208
Ciudad de México,79,99,"Investigación E Innovación Factual, A.C.",investigacion-e-innovacion-factual-a-c,México,19.4326077,-99.133208
Ciudad de México,79,99,Presidencia,presidencia,México,19.4326077,-99.133208
Ciudad de México,79,99,"Sociedad En Movimiento, Ac",sociedad-en-movimiento-ac,México,19.4326077,-99.133208
Ciudad de México,79,99,Centro De Investigaciones Y Estudios En Antropología Social,centro-de-investigaciones-y-estudios-en-antropologia-social,México,19.4326077,-99.133208
Ciudad de México,79,99,Krieger Electronics De Mexico Sa De Cv,krieger-electronics-de-mexico-sa-de-cv,México,19.4326077,-99.133208
Ciudad de México,79,99,Sistemas De Información Geográfica Para La Planeación Y Ordenamiento Del Territorio (Sigpot Sa De Cv),sistemas-de-informacion-geografica-para-la-planeacion-y-ordenamiento-del-territorio-sigpot-sa-de-cv,México,19.4326077,-99.133208
Ciudad de México,79,99,"Campaña Global Por La Libertad De Expresión A19, A.C.",campana-global-por-la-libertad-de-expresion-a19-a-c,México,19.4326077,-99.133208
Ciudad de México,79,99,Grupo Cemos,grupo-cemos,México,19.4326077,-99.133208
Ciudad de México,79,99,"Centro Profesional Indígena De Asesoría, Defensa Y Traducción A.C.",centro-profesional-indigena-de-asesoria-defensa-y-traduccion-a-c,México,19.4326077,-99.133208
Ciudad de México,79,99,"Servicios De Ideas Creativas Para El Desarrollo De Organizaciones, A.C.",servicios-de-ideas-creativas-para-el-desarrollo-de-organizaciones-a-c,México,19.4326077,-99.133208
Ciudad de México,79,99,Usocial Maps,usocial-maps,México,19.4326077,-99.133208
Ciudad de México,79,99,El Caracol,el-caracol,México,19.4326077,-99.133208
Ciudad de México,79,99,Zapopan Lab,zapopan-lab,México,19.4326077,-99.133208
Ciudad de México,79,99,Hormiga Investigación,hormiga-investigacion,México,19.4326077,-99.133208
Ciudad de México,79,99,Equis: justicia para las mujeres,equis-mx,México,19.4326077,-99.133208
Ciudad de México,79,99,"Project on Organizing, Development, Education, and Research (PODER)",project-on-organizing-development-education-and-research-poder,México,19.4326077,-99.133208
Ciudad de México,79,99,Plataforma Nuup Ac,plataforma-nuup-ac,México,19.4326077,-99.133208
Ciudad de México,79,99,Rancho Electronico,rancho-electronico,México,19.4326077,-99.133208
Ciudad de México,79,99,C230,c230,México,19.4326077,-99.133208
Ciudad de México,79,99,Causa Natura,causa-natura,México,19.4326077,-99.133208
Ciudad de México,79,99,"De Olhos Nas Metas,Colaborativomx",de-olhos-nas-metas-colaborativomx,México,19.4326077,-99.133208
Ciudad de México,79,99,Ciudadano. Construcción y Articulación de lo Público/Centro de Investigaciones y Estudios en Antropología Social (CIESAS),ciudadano-construccion-y-articulacion-de-lo-publico-centro-de-investigaciones-y-estudios-en-antropologia-social-ciesas,México,19.4326077,-99.133208
Ciudad de México,79,99,Observatorio Mexicano De La Crisis,observatorio-mexicano-de-la-crisis,México,19.4326077,-99.133208
Ciudad de México,79,99,"Este País, A.C.",este-pais-a-c,México,19.4326077,-99.133208
Ciudad de México,79,99,"Mexico Informate,Infodf",mexico-informate-infodf,México,19.4326077,-99.133208
Ciudad de México,79,99,Invernaideas,invernaideas,México,19.4326077,-99.133208
Ciudad de México,79,99,"Centro De Los Derechos Del Migrante, Inc.",centro-de-los-derechos-del-migrante-inc,México,19.4326077,-99.133208
Ciudad de México,79,99,"Simetría, Centro De Innovación En Políticas Públicas A.C.",simetria-centro-de-innovacion-en-politicas-publicas-a-c,México,19.4326077,-99.133208
Ciudad de México,79,99,"Fundación Hogares, Iap",fundacion-hogares-iap,México,19.4326077,-99.133208
Ciudad de México,79,99,Rokode Digital,rokode-digital,México,19.4326077,-99.133208
Ciudad de México,79,99,Escuela de Datos,escuela-de-datos,México,19.4326077,-99.133208
Ciudad de México,79,99,Borde Político A.C.,borde-politico-a-c,México,19.4326077,-99.133208
Ciudad de México,79,99,Animal S. De R.L. De C.V,animal-s-de-r-l-de-c-v,México,19.4326077,-99.133208
Ciudad de México,79,99,Creathink,creathink,México,19.4326077,-99.133208
Ciudad de México,79,99,Yeeko Inteligencia Colectiva,yeeko-inteligencia-colectiva,México,19.4326077,-99.133208
Ciudad de México,79,99,Gobiernateac,gobiernateac,México,19.4326077,-99.133208
Ciudad de México,79,99,Internet Of Government (Iog),internet-of-government-iog,México,19.4326077,-99.133208
Ciudad de México,79,99,Sonora Ciudadana,sonora-ciudadana-ac,México,19.4326077,-99.133208
Ciudad de México,79,99,La Data,la-data-mx,México,19.4326077,-99.133208
Ciudad de México,79,99,Spaceshipslabs,spaceshipslabs,México,19.4326077,-99.133208
Ciudad de México,79,99,Pides Innovación Social,pides-innovacion-social,México,19.4326077,-99.133208
Ciudad de México,79,99,Cityflag Sapi De Cv,cityflag-sapi-de-cv,México,19.4326077,-99.133208
Ciudad de México,79,99,Gobierno Abierto Cdmx,gobierno-abierto-cdmx,México,19.4326077,-99.133208
Ciudad de México,79,99,"Municipalidad De Guatemala,Labplc",municipalidad-de-guatemala-labplc,México,19.4326077,-99.133208
Ciudad de México,79,99,"Esc. De Ingeniería Eléctrica, Electrónica Y De Telecomunicaciones",esc-de-ingenieria-electrica-electronica-y-de-telecomunicaciones,México,19.4326077,-99.133208
Ciudad de México,79,99,Documenta: Análisis Y Acción Para La Justicia Social A.C.,documenta-analisis-y-accion-para-la-justicia-social-a-c,México,19.4326077,-99.133208
Ciudad de México,79,99,Grupo de Información de reproducción Elegida,gire,México,19.4326077,-99.133208
Ciudad de México,79,99,Morlan,morlan,México,19.4326077,-99.133208
Ciudad de México,79,99,El Faro,el-faro,México,19.4326077,-99.133208
Ciudad de México,79,99,Visual Reporting Technologies,visual-reporting-technologies,México,19.4326077,-99.133208
Ciudad de México,79,99,Codeando México,codeando-mexico,México,19.4326077,-99.133208
Ciudad Juarez,1,89,Plan Estrategico De Juarez,plan-estrategico-de-juarez,México,19.0779,-103.8846
Cochabamba,3,102,¿Cuántas más?,cuantas-mas,Bolivia,-17.4139766,-66.1653224
Cochabamba,3,102,Servicios Integrales Para El Desarrollo,servicios-integrales-para-el-desarrollo,Bolivia,-17.4139766,-66.1653224
Cochabamba,3,102,Hacklab Cochabamba,hacklab-cochabamba,Bolivia,-17.4139766,-66.1653224
Concepción del Uruguay,3,143,"Municipalidad De Concepción Del Uruguay, Dirección De Control Del Gasto",municipalidad-de-concepcion-del-uruguay-direccion-de-control-del-gasto,Argentina,-32.4845349,-58.2321416
Concepción del Uruguay,3,143,Datos Concepcion,datos-concepcion,Argentina,-32.4845349,-58.2321416
Concepción del Uruguay,3,143,Asociación Pro Arte,asociacion-pro-arte,Argentina,-32.4845349,-58.2321416
Córdoba,6,105,V-Smart S.A.,v-smart-s-a,Argentina,-31.4200833,-64.1887761
Córdoba,6,105,Fundación Conocimiento Abierto,fundacion-conocimiento-abierto,Argentina,-31.4200833,-64.1887761
Córdoba,6,105,Cainfo,cainfo,Argentina,-31.4200833,-64.1887761
Córdoba,6,105,Fundación Para El Desarrollo De Políticas Sustentables (Fundeps),fundacion-para-el-desarrollo-de-politicas-sustentables-fundeps,Argentina,-31.4200833,-64.1887761
Córdoba,6,105,Fundación Ambiente Y Recursos Naturales (Farn),fundacion-ambiente-y-recursos-naturales-farn,Argentina,-31.4200833,-64.1887761
Córdoba,6,105,Asociación Civil Para La Construcción De Un Gobierno Abierto,asociacion-civil-para-la-construccion-de-un-gobierno-abierto,Argentina,-31.4200833,-64.1887761
Cúcuta,1,150,"""Corporación Integral De Innovación Social \""Innovar\""",corporacion-integral-de-innovacion-social-innovar,Colombia,7.8890971,-72.4966896
Cuernavaca,1,35,Instituto Del Fracaso A.C.,instituto-del-fracaso-a-c,México,18.9242095,-99.2215659
Curitiba,2,96,Instituto Humanitas360,instituto-humanitas360,Brasil,-25.4808762,-49.3044253
Curitiba,2,96,Politikei - co-governança no legislativo,politikei-co-governanca-no-legislativo,Brasil,-25.4808762,-49.3044253
Distrito Nacional,1,144,Ideales Soluciones  Sociales,ideales-soluciones-sociales,República Dominicana,18.4860575,-69.9312117
Divinópolis,1,127,Mindball Ong Planeta,mindball-ong-planeta,Brasil,-20.103444,-44.9716724
El Alto,1,115,Centro De Promoción De La Mujer Gregoria Apaza- Cpmga,centro-de-promocion-de-la-mujer-gregoria-apaza-cpmga,Bolivia,-16.5000936,-68.2146857
Florianópolis,7,86,Voter Desenvolvimento De Software Ltda,voter-desenvolvimento-de-software-ltda,Brasil,-27.5948698,-48.5482195
Florianópolis,7,86,"Universidade Federal de Santa Catarina (UFSC); Centro Tecnológico (CTC); Departamento de Engenharia e Gestão do Conhecimento (dEGC); Núcleo de Estudos em Inteligência, Gestão e Tecnologias para Inovação (IGTI)",universidade-federal-de-santa-catarina-ufsc-centro-tecnologico-ctc-departamento-de-engenharia-e-gestão-do-conhecimento-degc-nucleo-de-estudos-em-inteligencia-gestão-e-tecnologias-para-inovacão-igti,Brasil,-27.5948698,-48.5482195
Florianópolis,7,86,Fgx,fgx,Brasil,-27.5948698,-48.5482195
Florianópolis,7,86,Sumá,suma,Brasil,-27.5948698,-48.5482195
Florianópolis,7,86,Icom - Instituto Comunitário Grande Florianópolis,icom-instituto-comunitario-grande-florianopolis,Brasil,-27.5948698,-48.5482195
Florianópolis,7,86,Todavia No Fue Creada Una Empresa,todavia-no-fue-creada-una-empresa,Brasil,-27.5948698,-48.5482195
Florianópolis,7,86,Tekis Tecnologia Avançadas Ltda.,tekis-tecnologia-avancadas-ltda,Brasil,-27.5948698,-48.5482195
Fortaleza,3,14,Rede Conhecimento Social,rede-conhecimento-social,Brasil,-3.7327144,-38.5269981
Fortaleza,3,14,Acecci - Associação Cearense De Combate À Corrupção E À Impunidade,acecci-associacão-cearense-de-combate-a-corrupcão-e-a-impunidade,Brasil,-3.7327144,-38.5269981
Fortaleza,3,14,Instituto Banco Da Periferia - Palmas Lab,instituto-banco-da-periferia-palmas-lab,Brasil,-3.7327144,-38.5269981
Guadalajara,5,71,Cívica Digital civica-digital-mexico-sapi-de-cv,civica-digital,México,20.6596988,-103.3496092
Guadalajara,5,71,Asi - Asesores Para La Inversión Social,asi-asesores-para-la-inversion-social,México,20.6596988,-103.3496092
Guadalajara,5,71,Ciudadan@S Por La Transparencia A.C,ciudadan-s-por-la-transparencia-a-c,México,20.6596988,-103.3496092
Guadalajara,5,71,Grupo De Inovacion E Inteligencia Ciudadana,grupo-de-inovacion-e-inteligencia-ciudadana,México,20.6596988,-103.3496092
Guadalajara,5,71,Codeando México,codeando-mexico,México,20.6596988,-103.3496092
Guatemala,23,76,Verto Technology Corp,verto-technology-corp,Guatemala,14.6349149,-90.5068824
Guatemala,23,76,Movimiento Nacional Por La Integridad,movimiento-nacional-por-la-integridad,Guatemala,14.6349149,-90.5068824
Guatemala,23,76,Congreso Transparente,congreso-transparente,Guatemala,14.6349149,-90.5068824
Guatemala,23,76,Asociación Civil Guatecambia,asociacion-civil-guatecambia,Guatemala,14.6349149,-90.5068824
Guatemala,23,76,PODER,project-poder,Guatemala,14.6349149,-90.5068824
Guatemala,23,76,Acción Ciudadana,accion-ciudadana,Guatemala,14.6349149,-90.5068824
Guatemala,23,76,Asociación Civil Ernesto Shneider Troller,asociacion-civil-ernesto-shneider-troller,Guatemala,14.6349149,-90.5068824
Guatemala,23,76,"Factus,S.A.",factus-s-a,Guatemala,14.6349149,-90.5068824
Guatemala,23,76,Asociación Colectiva Para La Defensa De Los Derechos De Las Mujeres En Guatemala,asociacion-colectiva-para-la-defensa-de-los-derechos-de-las-mujeres-en-guatemala,Guatemala,14.6349149,-90.5068824
Guatemala,23,76,"Centro De Estudios Para La Equidad Y Gobernanza En Los Sistemas De Salud, Cegss",centro-de-estudios-para-la-equidad-y-gobernanza-en-los-sistemas-de-salud-cegss,Guatemala,14.6349149,-90.5068824
Guatemala,23,76,Instituto De Estudios Del Trabajo -Inet-,instituto-de-estudios-del-trabajo-inet,Guatemala,14.6349149,-90.5068824
Guatemala,23,76,Instituto Demos,instituto-demos,Guatemala,14.6349149,-90.5068824
Guatemala,23,76,"Explico, S.A.",explico-s-a,Guatemala,14.6349149,-90.5068824
Guatemala,23,76,Ae Edg,ae-edg,Guatemala,14.6349149,-90.5068824
Guatemala,23,76,Unidad Positiva Para El Desarrollo Ciudadano - Updc,unidad-positiva-para-el-desarrollo-ciudadano-updc,Guatemala,14.6349149,-90.5068824
Guatemala,23,76,Universidad Rafael Landivar,universidad-rafael-landivar,Guatemala,14.6349149,-90.5068824
Guatemala,23,76,Blackbox Solutions Y Copropiedad,blackbox-solutions-y-copropiedad,Guatemala,14.6349149,-90.5068824
Guatemala,23,76,"Municipalidad San José Del Ídolo Suchitepéquez, Guatemala",municipalidad-san-jose-del-idolo-suchitepequez-guatemala,Guatemala,14.6349149,-90.5068824
Guatemala,23,76,Movimiento Cívico Nacional,movimiento-civico-nacional,Guatemala,14.6349149,-90.5068824
Guatemala,23,76,Plaza Pública,plaza-publica,Guatemala,14.6349149,-90.5068824
Guatemala,23,76,Jóvenes Contra La Violencia/Centroamérica,jovenes-contra-la-violencia-centroamerica,Guatemala,14.6349149,-90.5068824
Guatemala,23,76,"Municipalidad De Guatemala,Labplc",municipalidad-de-guatemala-labplc,Guatemala,14.6349149,-90.5068824
Guatemala,23,76,Red Ciudadana,red-ciudadana,Guatemala,14.6349149,-90.5068824
Guayaquil,2,95,Fundapi,fundapi,Ecuador,-2.1709979,-79.9223592
Guayaquil,2,95,Fundación Medialab Quito,fundacion-medialab-quito,Ecuador,-2.1709979,-79.9223592
Havana,1,3,People In Need,people-in-need,Cuba,23.1136,82.3666
Heredia,1,132,Solvo,solvo,Costa Rica,9.9981413,-84.1197643
Hermosillo,1,92,"Centro De Innovación A La Vivienda (Civ), A.C.",centro-de-innovacion-a-la-vivienda-civ-a-c,México,29.0729673,-110.9559192
Ilhabela,2,110,Instituto Ilhabela Sustentável,instituto-ilhabela-sustentavel,Brasil,-23.8158392,-45.3664809
Ilhabela,2,110,Instituto Soma Brasil,instituto-soma-brasil,Brasil,-23.8158392,-45.3664809
Ilhéus,1,48,Movimento Nossa Bh,movimento-nossa-bh,Brasil,-14.7935051,-39.0463797
Iquique,1,88,Fundación Juventud Emprendedora,fundacion-juventud-emprendedora,Chile,-20.2307033,-70.1356692
Jaboatao dos Guararapes,1,53,"Instituto Metropolitano De Profissionalização, Arte, Cultura E Oportunidades - Impacto",instituto-metropolitano-de-profissionalizacão-arte-cultura-e-oportunidades-impacto,Brasil,-8.1688125,-34.920874
João Pessoa,3,56,Elleven,elleven,Brasil,-7.1194958,-34.8450118
João Pessoa,3,56,Imaflora,imaflora,Brasil,-7.1194958,-34.8450118
João Pessoa,3,56,Instituto Acuña,instituto-acuna,Brasil,-7.1194958,-34.8450118
Joinville,1,85,Politize,politize,Brasil,-26.2834213,-48.8452269
Kingston,3,44,Code For The Caribbean,code-for-the-caribbean,Jamaica,18.0179,76.8099
Kingston,3,44,Slashroots,slashroots,Jamaica,18.0179,76.8099
Kingston,3,44,Caribbean Open Institute,caribbean-open-institute,Jamaica,18.0179,76.8099
La Ceiba,1,156,Centro De Promoción En Salud Y Asistencia Familiar (Ceprosaf),centro-de-promocion-en-salud-y-asistencia-familiar-ceprosaf,Honduras,15.770288,-86.7919009
La Dorada,1,61,Corporación Programa De Desarrollo Para La Paz,corporacion-programa-de-desarrollo-para-la-paz,Colombia,5.472709,-74.667984
La Plata,1,57,Secretaría De Planificación,secretaria-de-planificacion,Argentina,-34.9205,-57.9536
Las Condes,1,58,Prince Consulting (Kmt Business Education Sa),prince-consulting-kmt-business-education-sa,Chile,-33.3989812,-70.5573124
Lima,37,98,Inppares - Instituto Peruano De Paternidad Responsables,inppares-instituto-peruano-de-paternidad-responsables,Perú,-12.0463731,-77.042754
Lima,37,98,"Iniciativa,Ministerio De Economia De Peru,Ministerio  De Economia",iniciativa-ministerio-de-economia-de-peru-ministerio-de-economia,Perú,-12.0463731,-77.042754
Lima,37,98,Ojopúblico,ojo-publico,Perú,-12.0463731,-77.042754
Lima,37,98,Kodevian Enterprise Software Solutions,kodevian-enterprise-software-solutions,Perú,-12.0463731,-77.042754
Lima,37,98,Democracia Digital,democracia-digital,Perú,-12.0463731,-77.042754
Lima,37,98,Coordinadora Nacional De Derechos Humanos,coordinadora-nacional-de-derechos-humanos,Perú,-12.0463731,-77.042754
Lima,37,98,Pontificia Universidad Católica Del Perú,pontificia-universidad-catolica-del-peru,Perú,-12.0463731,-77.042754
Lima,37,98,Trujillo Ahora,trujillo-ahora,Perú,-12.0463731,-77.042754
Lima,37,98,"Ministerio De Salud,La Factura",ministerio-de-salud-la-factura,Perú,-12.0463731,-77.042754
Lima,37,98,Centro Peruano Para La Resiliencia De Socioecosistemas Urbanos - Centro Urbes,centro-peruano-para-la-resiliencia-de-socioecosistemas-urbanos-centro-urbes,Perú,-12.0463731,-77.042754
Lima,37,98,Convoca,convoca,Perú,-12.0463731,-77.042754
Lima,37,98,Fundación Ciudadana Civio,fundacion-ciudadana-civio,Perú,-12.0463731,-77.042754
Lima,37,98,Instituto Humanista De Cooperación Para El Desarrollo - Hivos,instituto-humanista-de-cooperacion-para-el-desarrollo-hivos,Perú,-12.0463731,-77.042754
Lima,37,98,Hiperderecho,hiperderecho,Perú,-12.0463731,-77.042754
Lima,37,98,"Mas Cultura,Independiente",mas-cultura-independiente,Perú,-12.0463731,-77.042754
Lima,37,98,Lima Cómo Vamos,lima-como-vamos,Perú,-12.0463731,-77.042754
Lima,37,98,Corresponsales,corresponsales,Perú,-12.0463731,-77.042754
Lima,37,98,Grupo Limonta,grupo-limonta,Perú,-12.0463731,-77.042754
Lima,37,98,Presidencia Del Consejo De Ministros,presidencia-del-consejo-de-ministros,Perú,-12.0463731,-77.042754
Lima,37,98,Centro de Participación y Ciudadanía - Ciudadanos al Día,centro-de-participacion-y-ciudadania-ciudadanos-al-dia,Perú,-12.0463731,-77.042754
Lima,37,98,Detona,detona,Perú,-12.0463731,-77.042754
Lima,37,98,"Hivos,Lima I/O",hivos-lima-i-o,Perú,-12.0463731,-77.042754
Lima,37,98,Escuela De Datos Peru,escuela-de-datos-peru,Perú,-12.0463731,-77.042754
Lima,37,98,Proetica,proetica,Perú,-12.0463731,-77.042754
Lima,37,98,"Centro De Participación Y Ciudadanía - Ciudadanos Al Día,Ciudadanos Al Día",centro-de-participacion-y-ciudadania-ciudadanos-al-dia-ciudadanos-al-dia,Perú,-12.0463731,-77.042754
Lima,37,98,Ciudadanos al Día,ciudadanos-al-dia,Perú,-12.0463731,-77.042754
Lima,37,98,Avina Americas,avina,Perú,-12.0463731,-77.042754
Lima,37,98,Hack Hackers Lima,hack-hackers-lima,Perú,-12.0463731,-77.042754
Lima,37,98,Cultura Peru,cultura-peru,Perú,-12.0463731,-77.042754
Lima,37,98,Democracia & Desarrollo Internacional (D&D Internacional),democracia-desarrollo-internacional-d-d-internacional,Perú,-12.0463731,-77.042754
Lima,37,98,Tannder Corp,tannder-corp,Perú,-12.0463731,-77.042754
Lima,37,98,Asociación Civil Japiqay,asociacion-civil-japiqay,Perú,-12.0463731,-77.042754
Lima,37,98,Sociedad Peruana De Derecho Ambiental,sociedad-peruana-de-derecho-ambiental,Perú,-12.0463731,-77.042754
Lima,37,98,"Proética, Capítulo Peruano De Transparency International",proetica-capitulo-peruano-de-transparency-international,Perú,-12.0463731,-77.042754
Lima,37,98,Odpe.Pe,odpe-pe,Perú,-12.0463731,-77.042754
Lima,37,98,Open Data Perú,open-data-peru,Perú,-12.0463731,-77.042754
Lima,37,98,Asociación Unacem,asociacion-unacem,Perú,-12.0463731,-77.042754
Limeira,1,73,Eixo Público - Consultoria Júnior,eixo-publico-consultoria-junior,Brasil,-22.5838264,-47.4097695
Livramento de Nossa Senhora,1,18,Centro De Formação E Organização Comunitária - Ceforc,centro-de-formacão-e-organizacão-comunitaria-ceforc,Brasil,-13.6420856,-41.8412148
Loja,3,68,Grupo de Investigación de Sistemas Basados en el Conocimiento (Knowledge-based Systems Research Group - KBS-RG) de la Universidad Técnica Particular de Loja,grupo-de-investigacion-de-sistemas-basados-en-el-conocimiento-knowledge-based-systems-research-group-kbs-rg-de-la-universidad-tecnica-particular-de-loja,Ecuador,-4.0078909,-79.2112769
Loja,3,68,Lojasoft Solutions,lojasoft-solutions,Ecuador,-4.0078909,-79.2112769
Loja,3,68,Grupo De Investigación De Sistemas Basados En El Conocimiento - Universidad Técnica Particular De Loja,grupo-de-investigacion-de-sistemas-basados-en-el-conocimiento-universidad-tecnica-particular-de-loja,Ecuador,-4.0078909,-79.2112769
Londrina,3,101,Geleia .Mob,geleia-mob,Brasil,-23.3044524,-51.1695824
Londrina,3,101,Associação Todos por Um (Tp1),associacão-todos-por-um-tp1,Brasil,-23.3044524,-51.1695824
Londrina,3,101,Mz Tecnologia,mz-tecnologia,Brasil,-23.3044524,-51.1695824
Maceió,1,158,Ilhasoft,ilhasoft,Brasil,-9.6498487,-35.7089492
Madrid,4,139,Vivero De Iniciativas Ciudadanas,vivero-de-iniciativas-ciudadanas,Otro,40.4167754,-3.7037902
Madrid,4,139,Ux,ux,Otro,40.4167754,-3.7037902
Madrid,4,139,Plaza Pública,plaza-publica,Otro,40.4167754,-3.7037902
Madrid,4,139,Public Knowledge,public-knowledge,Otro,40.4167754,-3.7037902
Managua,11,79,Fáctico Periodismo Móvil,factico-periodismo-movil,Nicaragua,12.1149926,-86.2361744
Managua,11,79,Centro Para Programas De Comunicación Nicaragua (Cpcnic),centro-para-programas-de-comunicacion-nicaragua-cpcnic,Nicaragua,12.1149926,-86.2361744
Managua,11,79,Codeni,codeni,Nicaragua,12.1149926,-86.2361744
Managua,11,79,Openstreetmap Nicaragua,openstreetmap-nicaragua,Nicaragua,12.1149926,-86.2361744
Managua,11,79,Core Systems,core-systems,Nicaragua,12.1149926,-86.2361744
Managua,11,79,Fundación Grupo Cívico Ética Y Transparencia (Eyt),fundacion-grupo-civico-etica-y-transparencia-eyt,Nicaragua,12.1149926,-86.2361744
Managua,11,79,Comunidades De Software Libre,comunidades-de-software-libre,Nicaragua,12.1149926,-86.2361744
Managua,11,79,"Mapa,Ieepp",mapa-ieepp,Nicaragua,12.1149926,-86.2361744
Managua,11,79,Kronoscode,kronoscode,Nicaragua,12.1149926,-86.2361744
Managua,11,79,Fundación Nicaragüense Para La Defensa Del Medio Ambiente Y Protección De Los Recursos Naturales (Fundenatura),fundacion-nicaraguense-para-la-defensa-del-medio-ambiente-y-proteccion-de-los-recursos-naturales-fundenatura,Nicaragua,12.1149926,-86.2361744
Managua,11,79,MapaNica,mapanica,Nicaragua,12.1149926,-86.2361744
Maputo,1,2,Policéntrico,policentrico,Otro,-25.969248,32.5731746
Mariana,1,6,Troca: Gestão Social Para A Sustentabilidade,troca-gestão-social-para-a-sustentabilidade,Brasil,-20.3652719,-43.4150073
Mauritice,1,10,Centro De Educação E Assessoria Popular Mauriti-Ce,centro-de-educacão-e-assessoria-popular-mauriti-ce,Brasil,-7.3829493,-38.7716665
Medellín,8,117,Thot Group,thot-group,Colombia,6.244203,-75.5812119
Medellín,8,117,Comunideas Sas,comunideas-sas,Colombia,6.244203,-75.5812119
Medellín,8,117,Corporación Control Social Colombia,corporacion-control-social-colombia,Colombia,6.244203,-75.5812119
Medellín,8,117,Fundación La Network,fundacion-la-network,Colombia,6.244203,-75.5812119
Medellín,8,117,Corporación Ruta N,corporacion-ruta-n,Colombia,6.244203,-75.5812119
Medellín,8,117,Fundación Bit,fundacion-bit,Colombia,6.244203,-75.5812119
Medellín,8,117,Movilizatorio,movilizatorio,Colombia,6.244203,-75.5812119
Medellín,8,117,Cocreamos S.A.S.,cocreamos-s-a-s,Colombia,6.244203,-75.5812119
Mendoza,8,7,Silice,silice,Argentina,-32.8894587,-68.8458386
Mendoza,8,7,Creapption,creapption,Argentina,-32.8894587,-68.8458386
Mendoza,8,7,Fundación Centro Latinoamericano de Derechos Humanos,fundacion-centro-latinoamericano-de-derechos-humanos,Argentina,-32.8894587,-68.8458386
Mendoza,8,7,Centro Latinoamericano de Derechos Humanos,centro-latinoamericano-de-derechos-humanos,Argentina,-32.8894587,-68.8458386
Mendoza,8,7,Yecas,yecas,Argentina,-32.8894587,-68.8458386
Mendoza,8,7,"Nuestra Mendoza,Fundación Nuestra Mendoza",nuestra-mendoza-fundacion-nuestra-mendoza,Argentina,-32.8894587,-68.8458386
Mendoza,8,7,ATRELAR S.A. (DynamizeIT),atrelar-s-a-dynamizeit,Argentina,-32.8894587,-68.8458386
Mendoza,8,7,Nuestra Mendoza,nuestra-mendoza,Argentina,-32.8894587,-68.8458386
Miami,2,145,The Engine Room,the-engine-room,Otro,25.8058563,-80.189125
Miami,2,145,ATRELAR S.A. (DynamizeIT),atrelar-s-a-dynamizeit,Otro,25.8058563,-80.189125
Minas,2,9,Olhoneles,olhoneles,Brasil,-16.20639,44.43333
Minas,2,9,Gobierno De Minas,gobierno-de-minas,Brasil,-16.20639,44.43333
Monterrey,9,84,Gobierno Fácil,gobierno-facil,México,25.6866142,-100.3161126
Monterrey,9,84,"Alcalde, Como Vamos?",alcalde-como-vamos,México,25.6866142,-100.3161126
Monterrey,9,84,Cívica Digital civica-digital-mexico-sapi-de-cv,civica-digital,México,25.6866142,-100.3161126
Monterrey,9,84,Transformación De Obreros Y Técnicos Esperanza De México Totem A.C,transformacion-de-obreros-y-tecnicos-esperanza-de-mexico-totem-a-c,México,25.6866142,-100.3161126
Monterrey,9,84,Ea Tech,ea-tech,México,25.6866142,-100.3161126
Monterrey,9,84,Onesmart Technology Sa De Cv,onesmart-technology-sa-de-cv,México,25.6866142,-100.3161126
Monterrey,9,84,13 Media Sc,13-media-sc,México,25.6866142,-100.3161126
Monterrey,9,84,Centro Eugenio Garza Sada,centro-eugenio-garza-sada,México,25.6866142,-100.3161126
Monterrey,9,84,Consejería Jurídica Y De Servicios Legales De La Cdmx,consejeria-juridica-y-de-servicios-legales-de-la-cdmx,México,25.6866142,-100.3161126
Montevideo,17,45,ILDA,ilda,Uruguay,-34.9011127,-56.1645314
Montevideo,17,45,Que Hacen?: El Parlamento En Tu Movil,que-hacen-el-parlamento-en-tu-movil,Uruguay,-34.9011127,-56.1645314
Montevideo,17,45,"Iniciativa,Ministerio De Economia De Peru,Ministerio  De Economia",iniciativa-ministerio-de-economia-de-peru-ministerio-de-economia,Uruguay,-34.9011127,-56.1645314
Montevideo,17,45,Data Uruguay,data-uruguay,Uruguay,-34.9011127,-56.1645314
Montevideo,17,45,Data UY,data-uy,Uruguay,-34.9011127,-56.1645314
Montevideo,17,45,Fundación Conocimiento Abierto,fundacion-conocimiento-abierto,Uruguay,-34.9011127,-56.1645314
Montevideo,17,45,Cainfo,cainfo,Uruguay,-34.9011127,-56.1645314
Montevideo,17,45,"Mas Cultura,Independiente",mas-cultura-independiente,Uruguay,-34.9011127,-56.1645314
Montevideo,17,45,180Data,180data,Uruguay,-34.9011127,-56.1645314
Montevideo,17,45,Checkuy,checkuy,Uruguay,-34.9011127,-56.1645314
Montevideo,17,45,La Diaria,la-diaria,Uruguay,-34.9011127,-56.1645314
Montevideo,17,45,Periodico Sudestada,periodico-sudestada,Uruguay,-34.9011127,-56.1645314
Montevideo,17,45,Red Ciudadana Nuestra Córdoba – Asociación Civil Nuestra Córdoba,red-ciudadana-nuestra-cordoba-asociacion-civil-nuestra-cordoba,Uruguay,-34.9011127,-56.1645314
Montevideo,17,45,ATRELAR S.A. (DynamizeIT),atrelar-s-a-dynamizeit,Uruguay,-34.9011127,-56.1645314
Montevideo,17,45,Asociación Latin,asociacion-latin,Uruguay,-34.9011127,-56.1645314
Montevideo,17,45,Dynamizeit,dynamizeit,Uruguay,-34.9011127,-56.1645314
Montevideo,17,45,Bgood Smart Philanthropy,bgood-smart-philanthropy,Uruguay,-34.9011127,-56.1645314
Morelia,1,30,Instituto De Liderazgo Simone De Beauvoir A.C.,instituto-de-liderazgo-simone-de-beauvoir-a-c,México,19.7059504,-101.1949825
New Orleans,1,33,Committee For A Better New Orleans/Comité Por Una Mejor Nueva Orleans,committee-for-a-better-new-orleans-comite-por-una-mejor-nueva-orleans,Otro,29.9510658,-90.0715323
Nicoya,1,126,La Voz De Guanacaste,la-voz-de-guanacaste,Costa Rica,9.9590676,-85.354965000000007
Nueva York,1,47,Guegue Vasquez Cia Ltda,guegue-vasquez-cia-ltda,Nicaragua,40.7127753,-74.0059728
Oaxaca,4,70,Gobierno Fácil,gobierno-facil,México,17.0542297,-96.7132304
Oaxaca,4,70,Techo,techo,México,17.0542297,-96.7132304
Oaxaca,4,70,Quiénmerepresenta,quienmerepresenta,México,17.0542297,-96.7132304
Oaxaca,4,70,ILSB,ilsb,México,17.0542297,-96.7132304
Palpalá,1,72,Cristian Damián Cazón,cristian-damian-cazon,Argentina,-24.2584127,-65.2084907
Panamá,8,142,Red Argentina Para La Cooperacio´N Internacional (Raci),red-argentina-para-la-cooperacio-n-internacional-raci,Panamá,8.9823792,-79.5198696
Panamá,8,142,Fundación Ciencias De La Documentación,fundacion-ciencias-de-la-documentacion,Panamá,8.9823792,-79.5198696
Panamá,8,142,Soluntia Sa,soluntia-sa,Panamá,8.9823792,-79.5198696
Panamá,8,142,Gobierno De Panamá,gobierno-de-panama,Panamá,8.9823792,-79.5198696
Panamá,8,142,Plataforma Ciudadana Inteligente,plataforma-ciudadana-inteligente,Panamá,8.9823792,-79.5198696
Panamá,8,142,Instituto Panameño De Derecho Y Nuevas Tecnologías,instituto-panameno-de-derecho-y-nuevas-tecnologias,Panamá,8.9823792,-79.5198696
Panamá,8,142,Fundación Generación Sin Límite,fundacion-generacion-sin-limite,Panamá,8.9823792,-79.5198696
Panamá,8,142,Ipandetec,ipandetec,Panamá,8.9823792,-79.5198696
Paysandú,1,154,Subsidios Claros,subsidios-claros,Uruguay,-32.2706789,-58.081134
Pereira,1,113,Corporación Científicas De Datos,corporacion-cientificas-de-datos,Colombia,4.8087174,-75.690601
Piracicaba,1,152,Instituto De Cidadania Empresarial Do Maranhão,instituto-de-cidadania-empresarial-do-maranhão,Brasil,-22.7626467,-47.8427298
Porto Alegre,7,138,Guayí,guayi,Brasil,-30.0346471,-51.2176584
Porto Alegre,7,138,Cooperativa Girasol De Cosumo Solidário,cooperativa-girasol-de-cosumo-solidario,Brasil,-30.0346471,-51.2176584
Porto Alegre,7,138,Conceptu Protótipos E Sistemas,conceptu-prototipos-e-sistemas,Brasil,-30.0346471,-51.2176584
Porto Alegre,7,138,Centro de Assessoria Multiprofissional - CAMP,centro-de-assessoria-multiprofissional-camp,Brasil,-30.0346471,-51.2176584
Porto Alegre,7,138,Centro De Assessoria Multiprofissional,centro-de-assessoria-multiprofissional,Brasil,-30.0346471,-51.2176584
Porto Alegre,7,138,"Themis Gênero, Justiça E Direitos Humanos",themis-genero-justica-e-direitos-humanos,Brasil,-30.0346471,-51.2176584
Porto Alegre,7,138,Colivre - Cooperativa De Tecnologias Livres,colivre-cooperativa-de-tecnologias-livres,Brasil,-30.0346471,-51.2176584
Puebla,7,21,Gobierno Fácil,gobierno-facil,México,19.0414398,-98.2062727
Puebla,7,21,PODER,project-poder,México,19.0414398,-98.2062727
Puebla,7,21,"Fundación Capital - Los Empleados Mencionados Hacen Referencia A Toda La Organización Regional Que Esta Conformada Por Varias Sucursales. Una De Ellas Es México, Y Es En México Donde Estamos Proponiendo Realizar Mopa Por El Momento.",fundacion-capital-los-empleados-mencionados-hacen-referencia-a-toda-la-organizacion-regional-que-esta-conformada-por-varias-sucursales-una-de-ellas-es-mexico-y-es-en-mexico-donde-estamos-proponiendo-realizar-mopa-por-el-momento,México,19.0414398,-98.2062727
Puebla,7,21,Grupo Cidic,grupo-cidic,México,19.0414398,-98.2062727
Puebla,7,21,"Ninja,Ladobe",ninja-ladobe,México,19.0414398,-98.2062727
Puebla,7,21,Invernaideas,invernaideas,México,19.0414398,-98.2062727
Puebla,7,21,"Artículo 12, A.C. (Programa “Sontusdatos”)",articulo-12-a-c-programa-sontusdatos,México,19.0414398,-98.2062727
Querétaro,2,37,Derive Lab,derive-lab,México,20.5888184,-100.3898876
Querétaro,2,37,DERIVE LAB SC,derive-lab-sc,México,20.5888184,-100.3898876
quito,1,147,Red Infodesarrollo,red-infodesarrollo,Ecuador,-0.1806532,-78.4678382
Quito,27,94,Escuela Politécnica Nacional,escuela-politecnica-nacional,Ecuador,-0.1806532,-78.4678382
Quito,27,94,Unostres,unostres,Ecuador,-0.1806532,-78.4678382
Quito,27,94,Llactalab - Ciudades Sustentables,llactalab-ciudades-sustentables,Ecuador,-0.1806532,-78.4678382
Quito,27,94,Open Knowledge Ecuador,open-knowledge-ecuador,Ecuador,-0.1806532,-78.4678382
Quito,27,94,Creative Commons,creative-commons,Ecuador,-0.1806532,-78.4678382
Quito,27,94,Agencia Ecologista De Información Tegantai,agencia-ecologista-de-informacion-tegantai,Ecuador,-0.1806532,-78.4678382
Quito,27,94,Lab Media,lab-media,Ecuador,-0.1806532,-78.4678382
Quito,27,94,Fundamedios,fundamedios,Ecuador,-0.1806532,-78.4678382
Quito,27,94,Impaqto,impaqto,Ecuador,-0.1806532,-78.4678382
Quito,27,94,Fundación Biciacción,fundacion-biciaccion,Ecuador,-0.1806532,-78.4678382
Quito,27,94,Red Infodesarrollo,red-infodesarrollo,Ecuador,-0.1806532,-78.4678382
Quito,27,94,Medialab Quito,medialab-quito,Ecuador,-0.1806532,-78.4678382
Quito,27,94,Grupo FARO América Latina y el Caribe,grupo-faro-america-latina-y-el-caribe,Ecuador,-0.1806532,-78.4678382
Quito,27,94,Datalat,datalat,Ecuador,-0.1806532,-78.4678382
Quito,27,94,"""Sociedad De Hecho \""La Pesetera\""",sociedad-de-hecho-la-pesetera,Ecuador,-0.1806532,-78.4678382
Quito,27,94,Smart Data Services,smart-data-services,Ecuador,-0.1806532,-78.4678382
Quito,27,94,Red Infodesarrollo - Némesis,red-infodesarrollo-nemesis,Ecuador,-0.1806532,-78.4678382
Quito,27,94,Gobierno De Quito,gobierno-de-quito,Ecuador,-0.1806532,-78.4678382
Quito,27,94,ATRELAR S.A. (DynamizeIT),atrelar-s-a-dynamizeit,Ecuador,-0.1806532,-78.4678382
Quito,27,94,Fundapi,fundapi,Ecuador,-0.1806532,-78.4678382
Quito,27,94,Fundación Medialab Quito,fundacion-medialab-quito,Ecuador,-0.1806532,-78.4678382
Quito,27,94,Fundación Ciudadania Y Desarrollo,fundacion-ciudadania-y-desarrollo,Ecuador,-0.1806532,-78.4678382
Quito,27,94,Policía Nacional Del Ecuador,policia-nacional-del-ecuador,Ecuador,-0.1806532,-78.4678382
Quito,27,94,Emagic,emagic,Ecuador,-0.1806532,-78.4678382
Quito,27,94,Cemoplaf,cemoplaf,Ecuador,-0.1806532,-78.4678382
Quito,27,94,Observatorio Ciudadano De La Educacion,observatorio-ciudadano-de-la-educacion,Ecuador,-0.1806532,-78.4678382
Quito,27,94,Fundación Democracia Digital Ecuador,fundacion-democracia-digital-ecuador,Ecuador,-0.1806532,-78.4678382
Recife,3,42,AppCivico - EOKOE SOLUÇÕES TECNOLÓGICAS LTDA,appcivico-eokoe-solucoes-tecnologicas,Brasil,-8.0522404,-34.9286096
Recife,3,42,Cáritas Brasileira Regional Nordeste Ii,caritas-brasileira-regional-nordeste-ii,Brasil,-8.0522404,-34.9286096
Recife,3,42,Inesc-Instituto De Estudos Socioeconômicos,inesc-instituto-de-estudos-socioeconomicos,Brasil,-8.0522404,-34.9286096
Río de Janeiro,19,66,Carla Barbedo Zorzanelli,carla-barbedo-zorzanelli,Brasil,-22.9068467,-43.1728965
Río de Janeiro,19,66,Gênero E Número,genero-e-numero,Brasil,-22.9068467,-43.1728965
Río de Janeiro,19,66,Observatório De Favelas Do Rio De Janeiro,observatorio-de-favelas-do-rio-de-janeiro,Brasil,-22.9068467,-43.1728965
Río de Janeiro,19,66,Cnpi - Centro Nacional De Informatica,cnpi-centro-nacional-de-informatica,Brasil,-22.9068467,-43.1728965
Río de Janeiro,19,66,Phronesis Pesquisa E Consultoria Em Ciencias Sociais Ltd,phronesis-pesquisa-e-consultoria-em-ciencias-sociais-ltd,Brasil,-22.9068467,-43.1728965
Río de Janeiro,19,66,Instituto São Paulo Sustentável,instituto-são-paulo-sustentavel,Brasil,-22.9068467,-43.1728965
Río de Janeiro,19,66,Akredito,akredito,Brasil,-22.9068467,-43.1728965
Río de Janeiro,19,66,CEDAPS - CENTRO DE PROMOÇÃO DA SAÚDE,cedaps-centro-de-promoção-da-saude,Brasil,-22.9068467,-43.1728965
Río de Janeiro,19,66,Lar De Maria Dolores,lar-de-maria-dolores,Brasil,-22.9068467,-43.1728965
Río de Janeiro,19,66,Centro De Empreendedorismo Universitario &Consultoria Ltda,centro-de-empreendedorismo-universitario-consultoria-ltda,Brasil,-22.9068467,-43.1728965
Río de Janeiro,19,66,Asociación Transporte Ativo,asociacion-transporte-ativo,Brasil,-22.9068467,-43.1728965
Río de Janeiro,19,66,Promec Projetos E Modelagens Em Engenharia E Computação Ltda,promec-projetos-e-modelagens-em-engenharia-e-computacão-ltda,Brasil,-22.9068467,-43.1728965
Río de Janeiro,19,66,Instituto Atlântico,instituto-atlantico,Brasil,-22.9068467,-43.1728965
Río de Janeiro,19,66,Emude Tecnologia Em Cidades,emude-tecnologia-em-cidades,Brasil,-22.9068467,-43.1728965
Río de Janeiro,19,66,Fundação Darcy Ribeiro,fundacão-darcy-ribeiro,Brasil,-22.9068467,-43.1728965
Río de Janeiro,19,66,Olabi,olabi,Brasil,-22.9068467,-43.1728965
Río de Janeiro,19,66,Casa Fluminense,casa-fluminense,Brasil,-22.9068467,-43.1728965
Río de Janeiro,19,66,Cieds - Centro Integrado De Estudos E Programas De Desenvolvimento Sustentável,cieds-centro-integrado-de-estudos-e-programas-de-desenvolvimento-sustentavel,Brasil,-22.9068467,-43.1728965
Río de Janeiro,19,66,Cedaps,cedaps,Brasil,-22.9068467,-43.1728965
Río Negro,1,43,Corporación Prodepaz,corporacion-prodepaz,Colombia,6.144837,-75.375085
Rosario,9,74,"Municipalidad De Rosario, Secretaria De Economia Social, Dirección General De Desarrollo De La Economía Social",municipalidad-de-rosario-secretaria-de-economia-social-direccion-general-de-desarrollo-de-la-economia-social,Argentina,-32.9442426,-60.6505388
Rosario,9,74,Bondiar,bondiar,Argentina,-32.9442426,-60.6505388
Rosario,9,74,De La Azotea,de-la-azotea,Argentina,-32.9442426,-60.6505388
Rosario,9,74,Fundación Ejercicio Ciudadano,fundacion-ejercicio-ciudadano,Argentina,-32.9442426,-60.6505388
Rosario,9,74,Acción Colectiva,accion-colectiva,Argentina,-32.9442426,-60.6505388
Rosario,9,74,Oneeyeant,oneeyeant,Argentina,-32.9442426,-60.6505388
Rosario,9,74,Rosario Mobile Apps,rosario-mobile-apps,Argentina,-32.9442426,-60.6505388
Rosario,9,74,Dirección General De Informática De La Municipalidad De Rosario,direccion-general-de-informatica-de-la-municipalidad-de-rosario,Argentina,-32.9442426,-60.6505388
Rosario,9,74,Innovavista,innovavista,Argentina,-32.9442426,-60.6505388
Salvador,3,31,Instituto Mídia Étnica,instituto-midia-etnica,Brasil,-12.977749,-38.5016301
Salvador,3,31,"Grupo De Estudos Sobre Cultura, Representação E Informação Digitais - Cridi",grupo-de-estudos-sobre-cultura-representacão-e-informacão-digitais-cridi,Brasil,-12.977749,-38.5016301
Salvador,3,31,Secretaria De Estado Dos Direitos Humanos E Participação Popular,secretaria-de-estado-dos-direitos-humanos-e-participacão-popular,Brasil,-12.977749,-38.5016301
San Jorge,1,52,Municipalidad De San Jorge,municipalidad-de-san-jorge,Argentina,-31.8970823,-61.8598807
San José,19,155,La Nación,la-nacion-cr,Costa Rica,-31.8970823,-61.8598807
San José,19,155,Minerva,minerva,Costa Rica,-31.8970823,-61.8598807
San José,19,155,Gobierno De Costa Rica,gobierno-de-costa-rica,Costa Rica,-31.8970823,-61.8598807
San José,19,155,Asociación Centro Ciudadano De Estudios Para Una Sociedad Abierta -Accesa,asociacion-centro-ciudadano-de-estudios-para-una-sociedad-abierta-accesa,Costa Rica,-31.8970823,-61.8598807
San José,19,155,Contexto,contexto,Costa Rica,-31.8970823,-61.8598807
San José,19,155,Accesa,accesa,Costa Rica,-31.8970823,-61.8598807
San José,19,155,Revista Vacío,revista-vacio,Costa Rica,-31.8970823,-61.8598807
San José,19,155,Responsible Business Alliance (Rba),responsible-business-alliance-rba,Costa Rica,-31.8970823,-61.8598807
San José,19,155,Ojo Al Voto,ojo-al-voto,Costa Rica,-31.8970823,-61.8598807
San José,19,155,Sociedad Civil Abriendo Datos Costa Rica,sociedad-civil-abriendo-datos-costa-rica,Costa Rica,-31.8970823,-61.8598807
San José,19,155,Comunicación Corporativa De Centroamérica,comunicacion-corporativa-de-centroamerica,Costa Rica,-31.8970823,-61.8598807
San José,19,155,Dal,dal,Costa Rica,-31.8970823,-61.8598807
San José,19,155,Fundación Villafranca Y Zurcher Para La Educación De La Juventud A Través Del Turismo,fundacion-villafranca-y-zurcher-para-la-educacion-de-la-juventud-a-traves-del-turismo,Costa Rica,-31.8970823,-61.8598807
San José,19,155,Asociación Horizonte Positivo,asociacion-horizonte-positivo,Costa Rica,-31.8970823,-61.8598807
San José,19,155,Estudio Manatí S.A.,estudio-manati-s-a,Costa Rica,-31.8970823,-61.8598807
San José,19,155,Central Del Movimiento De Trabajadores Costarricenses -Cmtc-,central-del-movimiento-de-trabajadores-costarricenses-cmtc,Costa Rica,-31.8970823,-61.8598807
San José,19,155,Fundación Costa Rica Para La Innovación,fundacion-costa-rica-para-la-innovacion,Costa Rica,-31.8970823,-61.8598807
San José,19,155,Abriendo Datos Costa Rica,abriendo-datos-costa-rica,Costa Rica,-31.8970823,-61.8598807
San José,19,155,Cooperativa Sulá Batsú,cooperativa-sula-batsu,Costa Rica,-31.8970823,-61.8598807
San Juan,2,77,Rede Conhecimento Social,rede-conhecimento-social,Puerto Rico,18.4655394,-66.1057355
San Juan,2,77,Abrepuertorico,abrepuertorico,Puerto Rico,18.4655394,-66.1057355
San Salvador,13,20,Iuristech Solutions,iuristech-solutions,El Salvador,13.6929403,-89.2181911
San Salvador,13,20,Asociación Intermunicipal Del Valle De Jiboa Mijiboa,asociacion-intermunicipal-del-valle-de-jiboa-mijiboa,El Salvador,13.6929403,-89.2181911
San Salvador,13,20,Okfn El Salvador,okfn-el-salvador,El Salvador,13.6929403,-89.2181911
San Salvador,13,20,Instituto Salvadoreño de Desarrollo Municipal (ISDEM),instituto-salvadoreno-de-desarrollo-municipal-isdem,El Salvador,13.6929403,-89.2181911
San Salvador,13,20,Central America Software Services,central-america-software-services,El Salvador,13.6929403,-89.2181911
San Salvador,13,20,Chequeado,chequeado,El Salvador,13.6929403,-89.2181911
San Salvador,13,20,The Next Services,the-next-services,El Salvador,13.6929403,-89.2181911
San Salvador,13,20,Periódico El Faro,periodico-el-faro,El Salvador,13.6929403,-89.2181911
San Salvador,13,20,"Instituto Salvadoreño De Desarrollo Municipal,Instituto Salvadoreño De Desarrollo Municipal (Isdem)",instituto-salvadoreno-de-desarrollo-municipal-instituto-salvadoreno-de-desarrollo-municipal-isdem,El Salvador,13.6929403,-89.2181911
San Salvador,13,20,Fundación Latitudes,fundacion-latitudes,El Salvador,13.6929403,-89.2181911
San Salvador,13,20,Fundación Nacional Para El Desarrollo (Funde),fundacion-nacional-para-el-desarrollo-funde,El Salvador,13.6929403,-89.2181911
San Salvador,13,20,Datoselsalvador,datoselsalvador,El Salvador,13.6929403,-89.2181911
San Salvador,13,20,El Faro,el-faro,El Salvador,13.6929403,-89.2181911
San Salvador de Jujuy,8,149,Digital Network Srl,digital-network-srl,Argentina,-24.1857864,-65.2994767
San Salvador de Jujuy,8,149,Impacto Norte Srl,impacto-norte-srl,Argentina,-24.1857864,-65.2994767
San Salvador de Jujuy,8,149,Softai,softai,Argentina,-24.1857864,-65.2994767
San Salvador de Jujuy,8,149,Dirección De Transparencia Y Gobierno Abierto De La Provincia De Jujuy,direccion-de-transparencia-y-gobierno-abierto-de-la-provincia-de-jujuy,Argentina,-24.1857864,-65.2994767
San Salvador de Jujuy,8,149,Incotedes,incotedes,Argentina,-24.1857864,-65.2994767
San Salvador de Jujuy,8,149,"Secretaria De Planificacion, Desarrollo Y Modernizacion De La Municipalidad De San Salvador De Jujuy",secretaria-de-planificacion-desarrollo-y-modernizacion-de-la-municipalidad-de-san-salvador-de-jujuy,Argentina,-24.1857864,-65.2994767
San Salvador de Jujuy,8,149,Cooperativa De Trabajo Tecnomática Limitada,cooperativa-de-trabajo-tecnomatica-limitada,Argentina,-24.1857864,-65.2994767
San Salvador de Jujuy,8,149,Ariel Cabezas,ariel-cabezas,Argentina,-24.1857864,-65.2994767
Santarém,1,27,Centro De Estudos Avançados De Promoção Social E Ambiental - Ceaps / Projeto Saúde & Alegria,centro-de-estudos-avancados-de-promocão-social-e-ambiental-ceaps-projeto-saude-alegria,Brasil,-2.4506291,-54.7009228
Santiago,46,69,Congreso Público,congreso-publico,Chile,-33.4488897,-70.6692655
Santiago,46,69,Fundación Consuma Conciencia,fundacion-consuma-conciencia,Chile,-33.4488897,-70.6692655
Santiago,46,69,Let'S Chat,let-s-chat,Chile,-33.4488897,-70.6692655
Santiago,46,69,Wingu,wingu,Chile,-33.4488897,-70.6692655
Santiago,46,69,Fundación Proyecto Propio,fundacion-proyecto-propio,Chile,-33.4488897,-70.6692655
Santiago,46,69,Fundación Centro Latinoamericano de Derechos Humanos,fundacion-centro-latinoamericano-de-derechos-humanos,Chile,-33.4488897,-70.6692655
Santiago,46,69,Chicas Poderosas,chicas-poderosas,Chile,-33.4488897,-70.6692655
Santiago,46,69,Beetec Inteligencia Colectiva,beetec-inteligencia-colectiva,Chile,-33.4488897,-70.6692655
Santiago,46,69,Observatorio del Gasto Fiscal - via Fundación Contexto Ciudadano,observatorio-del-gasto-fiscal-via-fundacion-contexto-ciudadano,Chile,-33.4488897,-70.6692655
Santiago,46,69,"Universidad De Santiago De Chile, Facultad De Administración Y Economía",universidad-de-santiago-de-chile-facultad-de-administracion-y-economia,Chile,-33.4488897,-70.6692655
Santiago,46,69,Fundación Mapocho,fundacion-mapocho,Chile,-33.4488897,-70.6692655
Santiago,46,69,"Universidad De Chile, Facultad De Ciencias Físicas Y Matemáticas, Departamento De Ingeniería Industrial, Centro De Investigación En Inteligencia De Negocios (Ceine)",universidad-de-chile-facultad-de-ciencias-fisicas-y-matematicas-departamento-de-ingenieria-industrial-centro-de-investigacion-en-inteligencia-de-negocios-ceine,Chile,-33.4488897,-70.6692655
Santiago,46,69,Fundación Desarrollo Social Lealtad Chile,fundacion-desarrollo-social-lealtad-chile,Chile,-33.4488897,-70.6692655
Santiago,46,69,Fundación Base Pública,fundacion-base-publica,Chile,-33.4488897,-70.6692655
Santiago,46,69,Centro Bicicultura,centro-bicicultura,Chile,-33.4488897,-70.6692655
Santiago,46,69,Dtlnet Ltda.,dtlnet-ltda,Chile,-33.4488897,-70.6692655
Santiago,46,69,Socialab Global,socialab-global,Chile,-33.4488897,-70.6692655
Santiago,46,69,Artnumerica,artnumerica,Chile,-33.4488897,-70.6692655
Santiago,46,69,Red Aceleradora Global,red-aceleradora-global,Chile,-33.4488897,-70.6692655
Santiago,46,69,Techo Internacional (oficina central),techo-internacional-oficina-central,Chile,-33.4488897,-70.6692655
Santiago,46,69,Durán & Asociados Spa.,duran-asociados-spa,Chile,-33.4488897,-70.6692655
Santiago,46,69,Demokratio,demokratio,Chile,-33.4488897,-70.6692655
Santiago,46,69,Municipalidad De Renca,municipalidad-de-renca,Chile,-33.4488897,-70.6692655
Santiago,46,69,Exxact Negocios Digitales Spa,exxact-negocios-digitales-spa,Chile,-33.4488897,-70.6692655
Santiago,46,69,Fundación Ciudadano Inteligente,fundacion-ciudadano-inteligente,Chile,-33.4488897,-70.6692655
Santiago,46,69,"Capítulo Chileno De Transparencia Internacional, Chile Transparente",capitulo-chileno-de-transparencia-internacional-chile-transparente,Chile,-33.4488897,-70.6692655
Santiago,46,69,Asociación Nacional Para El Fomento De La Economia Del Bien Común En Chile,asociacion-nacional-para-el-fomento-de-la-economia-del-bien-comun-en-chile,Chile,-33.4488897,-70.6692655
Santiago,46,69,Fundación Inhoy,fundacion-inhoy,Chile,-33.4488897,-70.6692655
Santiago,46,69,Asociación Chilena De Protección De La Familia - Aprofa,asociacion-chilena-de-proteccion-de-la-familia-aprofa,Chile,-33.4488897,-70.6692655
Santiago,46,69,Ciudadanía Inteligente,ciudadania-inteligente,Chile,-33.4488897,-70.6692655
Santiago,46,69,Fundación Nuevas Contingencias Sociales,fundacion-nuevas-contingencias-sociales,Chile,-33.4488897,-70.6692655
Santiago,46,69,Fundación Por Una Carrera,fundacion-por-una-carrera,Chile,-33.4488897,-70.6692655
Santiago,46,69,Facultad De Comunicaciones De La Universidad Pontifica De Chile,facultad-de-comunicaciones-de-la-universidad-pontifica-de-chile,Chile,-33.4488897,-70.6692655
Santiago,46,69,Fundación Democracia Y Desarrollo,fundacion-democracia-y-desarrollo,Chile,-33.4488897,-70.6692655
Santiago,46,69,Consejo De La Transparencia,consejo-de-la-transparencia,Chile,-33.4488897,-70.6692655
Santiago,46,69,Asesorías E Inversiones Comunidades Ciudadanas S.A.,asesorias-e-inversiones-comunidades-ciudadanas-s-a,Chile,-33.4488897,-70.6692655
Santiago,46,69,Municipio Verde,municipio-verde,Chile,-33.4488897,-70.6692655
Santiago,46,69,Fundacion Multitudes,fundacion-multitudes,Chile,-33.4488897,-70.6692655
Santiago,46,69,Dsarhoya Spa,dsarhoya-spa,Chile,-33.4488897,-70.6692655
Santiago,46,69,Asociación Chilena De Voluntarios,asociacion-chilena-de-voluntarios,Chile,-33.4488897,-70.6692655
Santiago,46,69,Socio Público,socio-publico,Chile,-33.4488897,-70.6692655
Santiago,46,69,Fundacion Girls In Tech Chile,fundacion-girls-in-tech-chile,Chile,-33.4488897,-70.6692655
Santiago,46,69,Constructora Proyecto Propio,constructora-proyecto-propio,Chile,-33.4488897,-70.6692655
Santiago,46,69,Datos Protegidos,datos-protegidos,Chile,-33.4488897,-70.6692655
Santiago,46,69,Fundación Contexto Ciudadano,fundacion-contexto-ciudadano,Chile,-33.4488897,-70.6692655
Santiago,46,69,Ciudad Viva,ciudad-viva,Chile,-33.4488897,-70.6692655
Santo Adre,1,111,Receita Federal,receita-federal,Brasil,-23.6742228,-46.5436003
Santo Domingo,2,36,"Participación Ciudadana, Capitulo Dominicano Transparencia Internacional",participacion-ciudadana-capitulo-dominicano-transparencia-internacional,República Dominicana,18.4860575,-70.017052
Santo Domingo,2,36,Youniversys Srl,youniversys-srl,República Dominicana,18.4860575,-70.017052
São José,1,90,Observatório Social De São José (Ossj),observatorio-social-de-são-jose-ossj,Brasil,-28.21171,-49.1632
São Luis,2,116,Observatório Do Recife,observatorio-do-recife,Brasil,-2.52972,-44.30278
São Luis,2,116,Associação Software Livre.Org,associacão-software-livre-org,Brasil,-2.52972,-44.30278
São Paulo,55,130,Aparabólica,aparabolica,Brasil,-23.5505199,-46.6333094
São Paulo,55,130,AppCivico - EOKOE SOLUÇÕES TECNOLÓGICAS LTDA,appcivico-eokoe-solucoes-tecnologicas,Brasil,-23.5505199,-46.6333094
São Paulo,55,130,Artigo 19 Brasil,artigo-19-brasil,Brasil,-23.5505199,-46.6333094
São Paulo,55,130,Vetor Brasil,vetor-brasil,Brasil,-23.5505199,-46.6333094
São Paulo,55,130,Colab,colab,Brasil,-23.5505199,-46.6333094
São Paulo,55,130,Areta Valente Guimarães Mei,areta-valente-guimarães-mei,Brasil,-23.5505199,-46.6333094
São Paulo,55,130,Instituto Ecoar Para A Cidadania,instituto-ecoar-para-a-cidadania,Brasil,-23.5505199,-46.6333094
São Paulo,55,130,Update,update,Brasil,-23.5505199,-46.6333094
São Paulo,55,130,Programa Cidades Sustentaeis,programa-cidades-sustentaeis,Brasil,-23.5505199,-46.6333094
São Paulo,55,130,"Colaboratório De Desenvolvimento E Participação, Universidade De São Paulo",colaboratorio-de-desenvolvimento-e-participacão-universidade-de-são-paulo,Brasil,-23.5505199,-46.6333094
São Paulo,55,130,Instituto Educadigital,instituto-educadigital,Brasil,-23.5505199,-46.6333094
São Paulo,55,130,Calhau Social,calhau-social,Brasil,-23.5505199,-46.6333094
São Paulo,55,130,Fgv.Ceapg - Centro De Estudos Em Administração Pública E Governo Da Escola De Administração De Empresas Da Fundação Getulio Vargas,fgv-ceapg-centro-de-estudos-em-administracão-publica-e-governo-da-escola-de-administracão-de-empresas-da-fundacão-getulio-vargas,Brasil,-23.5505199,-46.6333094
São Paulo,55,130,Núcleo De Informação E Coordenação Do Ponto Br - Nic.Br,nucleo-de-informacão-e-coordenacão-do-ponto-br-nic-br,Brasil,-23.5505199,-46.6333094
São Paulo,55,130,Cocidade,cocidade,Brasil,-23.5505199,-46.6333094
São Paulo,55,130,Associação Brasileira De Jornalismo Investigativo,associacão-brasileira-de-jornalismo-investigativo,Brasil,-23.5505199,-46.6333094
São Paulo,55,130,O Instituto Ambiental,o-instituto-ambiental,Brasil,-23.5505199,-46.6333094
São Paulo,55,130,Mapas Coletivos,mapas-coletivos,Brasil,-23.5505199,-46.6333094
São Paulo,55,130,Instituto Casa Da Cidade,instituto-casa-da-cidade,Brasil,-23.5505199,-46.6333094
São Paulo,55,130,Todos Pela Educação,todos-pela-educacão,Brasil,-23.5505199,-46.6333094
São Paulo,55,130,"Alampyme Br - Associação Latinoamericana De Micro, Pequenas E Médias Empresas Capítulo Brasil",alampyme-br-associacão-latinoamericana-de-micro-pequenas-e-medias-empresas-capitulo-brasil,Brasil,-23.5505199,-46.6333094
São Paulo,55,130,"Ninja,Ladobe",ninja-ladobe,Brasil,-23.5505199,-46.6333094
São Paulo,55,130,Centro De Liderança Pública,centro-de-lideranca-publica,Brasil,-23.5505199,-46.6333094
São Paulo,55,130,Taturana Mobilização Social,taturana-mobilizacão-social,Brasil,-23.5505199,-46.6333094
São Paulo,55,130,Fórum Brasileiro De Segurança Pública,forum-brasileiro-de-seguranca-publica,Brasil,-23.5505199,-46.6333094
São Paulo,55,130,Instituto Ilhabela Sustentável,instituto-ilhabela-sustentavel,Brasil,-23.5505199,-46.6333094
São Paulo,55,130,Laboratório De Inovação E Controle No Setor Público Da Universidade Federal Do Pará,laboratorio-de-inovacão-e-controle-no-setor-publico-da-universidade-federal-do-para,Brasil,-23.5505199,-46.6333094
São Paulo,55,130,Softex,softex,Brasil,-23.5505199,-46.6333094
São Paulo,55,130,"De Olhos Nas Metas,Colaborativomx",de-olhos-nas-metas-colaborativomx,Brasil,-23.5505199,-46.6333094
São Paulo,55,130,World Resources Institute Brasil - Wri Brasil,world-resources-institute-brasil-wri-brasil,Brasil,-23.5505199,-46.6333094
São Paulo,55,130,Instituto Sincronicidade Para A Interação Social (Ispis),instituto-sincronicidade-para-a-interacão-social-ispis,Brasil,-23.5505199,-46.6333094
São Paulo,55,130,Labhacker,labhacker,Brasil,-23.5505199,-46.6333094
São Paulo,55,130,Avesso Sustentabilidade,avesso-sustentabilidade,Brasil,-23.5505199,-46.6333094
São Paulo,55,130,Mgov Brasil,mgov-brasil,Brasil,-23.5505199,-46.6333094
São Paulo,55,130,Instituto  Banco Da Periferia,instituto-banco-da-periferia,Brasil,-23.5505199,-46.6333094
São Paulo,55,130,Omnibus Hacker,omnibus-hacker,Brasil,-23.5505199,-46.6333094
São Paulo,55,130,Arede,arede,Brasil,-23.5505199,-46.6333094
São Paulo,55,130,Civitatis Consultoria E Assessoria Educacional Ltda,civitatis-consultoria-e-assessoria-educacional-ltda,Brasil,-23.5505199,-46.6333094
São Paulo,55,130,Fluxo,fluxo,Brasil,-23.5505199,-46.6333094
São Paulo,55,130,Muove Brasil,muove-brasil,Brasil,-23.5505199,-46.6333094
São Paulo,55,130,Transparência Brasil,transparencia-brasil,Brasil,-23.5505199,-46.6333094
São Paulo,55,130,Instituto Cordial,instituto-cordial,Brasil,-23.5505199,-46.6333094
São Paulo,55,130,Instituto Cidade Democra´Tica,instituto-cidade-democra-tica,Brasil,-23.5505199,-46.6333094
São Paulo,55,130,Repórter Brasil,reporter-brasil,Brasil,-23.5505199,-46.6333094
São Paulo,55,130,"Núcleo Digital,Nucleo Digital",nucleo-digital-nucleo-digital,Brasil,-23.5505199,-46.6333094
São Paulo,55,130,Fgv.Gdhee - Grupo De Pesquisa Aplicada Em Direitos Humanos E Empresas Da Fundação Getulio Vargas,fgv-gdhee-grupo-de-pesquisa-aplicada-em-direitos-humanos-e-empresas-da-fundacão-getulio-vargas,Brasil,-23.5505199,-46.6333094
São Paulo,55,130,Instituto Veredas,instituto-veredas,Brasil,-23.5505199,-46.6333094
São Paulo,55,130,Loomio Cooperative Limited,loomio-cooperative-limited,Brasil,-23.5505199,-46.6333094
São Paulo,55,130,Agenda Pública - Agência De Análise E Cooperação Em Políticas Públicas,agenda-publica-agencia-de-analise-e-cooperacão-em-politicas-publicas,Brasil,-23.5505199,-46.6333094
São Paulo,55,130,Instituto De Arquitetos Do Brasil - Departamento De São Paulo (Iab-Sp),instituto-de-arquitetos-do-brasil-departamento-de-são-paulo-iab-sp,Brasil,-23.5505199,-46.6333094
São Paulo,55,130,Portal Brasil,portal-brasil,Brasil,-23.5505199,-46.6333094
São Paulo,55,130,Nau Interativa,nau-interativa,Brasil,-23.5505199,-46.6333094
São Paulo,55,130,InfoAmazonía,infoamazonia,Brasil,-23.5505199,-46.6333094
São Paulo,55,130,Instituto Socioambiental,instituto-socioambiental,Brasil,-23.5505199,-46.6333094
São Paulo,55,130,Instituto Para O Desenvolvimento Racional Das Cidades,instituto-para-o-desenvolvimento-racional-das-cidades,Brasil,-23.5505199,-46.6333094
Sincelejo,1,106,Fundación Tres Cocos,fundacion-tres-cocos,Colombia,9.3045773,-75.3905567
Sucre,1,128,Fundación Acción Cultural Loyola (Aclo),fundacion-accion-cultural-loyola-aclo,Bolivia,-19.0195852,-65.2619615
Tatuí,1,108,Panapana Informacao E Educacao Ltda ­ Me,panapana-informacao-e-educacao-ltda-me,Brasil,-23.3492186,-47.8465761
Tepic,1,112,Fundación Mexicana Para La Planeación Familiar A. C. (Mexfam),fundacion-mexicana-para-la-planeacion-familiar-a-c-mexfam,México,21.5041651,-104.8945887
Texistepeque,1,93,Asociación Ecológica De Los Municipios De Santa Ana (Asemusa),asociacion-ecologica-de-los-municipios-de-santa-ana-asemusa,El Salvador,14.1257455,-89.4954794
Trujillo,1,159,"Arequipa, Te Queremos",arequipa-te-queremos,Perú,-8.1090524,-79.0215336
Valdivia,2,19,Cooperativa Acá Comunicaciones,cooperativa-aca-comunicaciones,Chile,-39.8195857,-73.2452103
Valdivia,2,19,Agrupación Biósfera,agrupacion-biosfera,Chile,-39.8195857,-73.2452103
Valparaíso,2,133,Observatorio De Comunicación Pucv,observatorio-de-comunicacion-pucv,Chile,-33.047238,-71.6126885
Valparaíso,2,133,Delpuerto Comunicaciones,delpuerto-comunicaciones,Chile,-33.047238,-71.6126885
Verapaz,1,153,"Instituto Salvadoreño De Desarrollo Municipal,Instituto Salvadoreño De Desarrollo Municipal (Isdem)",instituto-salvadoreno-de-desarrollo-municipal-instituto-salvadoreno-de-desarrollo-municipal-isdem,El Salvador,13.6438499,-88.8706944
Vicente Lopez,2,136,Manas Technology Solutions,manas-technology-solutions,Argentina,-34.5281205,-58.473816
Vicente Lopez,2,136,ACIJ - Asociación Civil por la Igualdad y la Justicia,asociacion-civil-por-la-igualdad-y-la-justicia-arg,Argentina,-34.5281205,-58.473816
Viedma,2,26,Econsulting S.R.L.,econsulting-s-r-l,Argentina,-40.8119087,-62.9962044
Viedma,2,26,Universidad Nacional De Rio Negro.,universidad-nacional-de-rio-negro,Argentina,-40.8119087,-62.9962044
Washington DC,2,4,Rede De Observatorio Social Do Brasil,rede-de-observatorio-social-do-brasil,Otro,38.9071923,-77.0368707
Washington DC,2,4,Open Contracting Partnership,open-contracting-partnertship,Otro,38.9071923,-77.0368707
Wellington,1,13,Cleteci S.A,cleteci-s-a,Otro,-41.2864603,174.776236
Yopal,1,8,Municipio De Yopal,municipio-de-yopal,Colombia,5.348903,-72.400523
