id,label,size,degree,centrality,x,y
congreso-publico,Congreso Público,1,1,0,41.5540881720951,21.96592868235501
iuristech-solutions,Iuristech Solutions,0,0,0,32.85280392581278,60.424217684589934
socialtic,Socialtic,29,29,140,25.942834749671885,22.28054280546188
w3,W3,4,3,0,8.31060528283639,47.05594742678746
plan-b-para-el-desarrollo-ac,"Plan B Para El Desarrollo, Ac",1,1,0,17.83200652802035,38.91200617586481
rede-conhecimento-social,Rede Conhecimento Social,7,7,6,6.873849992828818,39.28334668348852
escuela-politecnica-nacional,Escuela Politécnica Nacional,3,3,0,8.93499178236436,49.82000604529565
ilda,ILDA,0,0,0,50.598113840949374,41.11795587483764
carla-barbedo-zorzanelli,Carla Barbedo Zorzanelli,0,0,0,39.43566486526214,50.58623016583131
the-engine-room,The Engine Room,5,3,2,12.822887477843487,48.75758585243696
genero-e-numero,Gênero E Número,0,0,0,38.60941977979675,58.317129891915975
fundacion-consuma-conciencia,Fundación Consuma Conciencia,0,0,0,16.26171607472599,49.782204259802825
panapana-informacao-e-educacao-ltda-me,Panapana Informacao E Educacao Ltda ­ Me,1,1,0,23.05561454179001,37.110814111944514
fundacion-gestores-sociales,Fundación Gestores Sociales,0,0,0,41.70177370157407,48.5987422994577
factico-periodismo-movil,Fáctico Periodismo Móvil,0,0,0,34.89911076330885,34.45598264476223
la-nacion-cr,La Nación,1,1,0,16.244328468940797,24.191484280931807
unostres,Unostres,0,0,0,21.769827137274227,54.32119187752212
instituto-nacional-de-la-economia-social,Instituto Nacional De La Economía Social,0,0,0,24.420984804645013,51.36321468270872
gobierno-facil,Gobierno Fácil,0,0,0,50.6911314101927,34.58353517336011
verto-technology-corp,Verto Technology Corp,0,0,0,30.443049906638514,47.67760468689441
fundacion-gobierno-abierto,Fundacion Gobierno Abierto,27,27,0,25.24107078857664,23.26035231180287
silice,Silice,1,1,0,16.10613735444674,33.23124751988291
que-hacen-el-parlamento-en-tu-movil,Que Hacen?: El Parlamento En Tu Movil,0,0,0,37.68166226825291,57.08720599068523
aparabolica,Aparabólica,2,2,0,18.452231380077652,16.679425292022653
thot-group,Thot Group,0,0,0,34.69017984028787,32.65692906787237
fundacion-huesped,Fundación Huésped,0,0,0,49.39135973174939,43.49608354799755
de-olhos-nas-metas,X,0,0,0,38.33001417486142,49.50783928686789
grupo-de-investigacion-de-sistemas-basados-en-el-conocimiento-knowledge-based-systems-research-group-kbs-rg-de-la-universidad-tecnica-particular-de-loja,Grupo de Investigación de Sistemas Basados en el Conocimiento (Knowledge-based Systems Research Group - KBS-RG) de la Universidad Técnica Particular de Loja,1,1,0,17.216659308805045,31.356435285508628
let-s-chat,Let\'S Chat,0,0,0,31.10872578398326,60.656608566654796
municipalidad-de-concepcion-del-uruguay-direccion-de-control-del-gasto,"Municipalidad De Concepción Del Uruguay, Dirección De Control Del Gasto",3,3,0,14.04009374428366,22.58887209316797
movimiento-nacional-por-la-integridad,Movimiento Nacional Por La Integridad,0,0,0,48.39506823163184,45.97524789581318
observatorio-de-favelas-do-rio-de-janeiro,Observatório De Favelas Do Rio De Janeiro,1,1,0,34.18304605326054,17.200405636674205
gobierno-de-costa-rica,Gobierno De Costa Rica,0,0,0,19.538019211969207,54.44178543165012
manejo-inteligente-de-residuos-y-gestion-ambiental-minga,Manejo Inteligente De Residuos Y Gestión Ambiental Minga,0,0,0,36.6765251255545,30.12039087271984
cnpi-centro-nacional-de-informatica,Cnpi - Centro Nacional De Informatica,0,0,0,41.944766946765135,32.25233682505148
digital-network-srl,Digital Network Srl,1,1,0,9.831314472299116,45.95476759898992
cultura-y-educacion-para-el-desarrollo-y-la-autonomia-en-mexico,Cultura Y Educación Para El Desarrollo Y La Autonomía En México,4,2,0.5,15.977565207282169,44.583357294463774
phronesis-pesquisa-e-consultoria-em-ciencias-sociais-ltd,Phronesis Pesquisa E Consultoria Em Ciencias Sociais Ltd,0,0,0,39.84913615730988,46.520187215464276
inppares-instituto-peruano-de-paternidad-responsables,Inppares - Instituto Peruano De Paternidad Responsables,0,0,0,42.13131176421228,25.34233784240303
wingu,Wingu,14,10,946.1666666666665,19.624525815966678,26.284674862633224
facultad-de-ingeneria-universidad-de-los-andes,Facultad De Ingenería Universidad De Los Andes,2,2,0,12.215313540206246,30.533122694757953
secretaria-de-planificacion,Secretaría De Planificación,2,2,0,35.73240619606994,16.33895715223317
llactalab-ciudades-sustentables,Llactalab - Ciudades Sustentables,1,1,0,25.384783767943826,30.455051815570695
asociacion-intermunicipal-del-valle-de-jiboa-mijiboa,Asociación Intermunicipal Del Valle De Jiboa Mijiboa,1,1,0,34.686542832849554,26.544067993888135
congreso-transparente,Congreso Transparente,0,0,0,31.791690098099824,57.8854865524654
atlas-smart-cities,Atlas Smart Cities,0,0,0,44.16128234980724,46.311079044427835
fundacion-proyecto-propio,Fundación Proyecto Propio,0,0,0,40.20786051569928,56.04971327546948
alcalde-como-vamos,"Alcalde, Como Vamos?",27,27,0,25.21352665097718,22.294799609785052
open-knowledge-ecuador,Open Knowledge Ecuador,0,0,0,28.194355631745104,41.00248190882962
regional,Regional,0,0,0,38.40162812805887,30.240385995855828
ong-para-iberoamerica,Ong Para Iberoamerica,0,0,0,40.76100544953825,45.13979330866568
appcivico-eokoe-solucoes-tecnologicas,AppCivico - EOKOE SOLUÇÕES TECNOLÓGICAS LTDA,49,18,94,9.636847438715252,22.999938378115836
avisora,Avisora,0,0,0,26.782272670684755,60.789025842044836
guayi,Guayí,0,0,0,40.97614158900967,36.56393533347283
explico-s-a-ludiverse-inc,"Explico, S.A. / Ludiverse Inc.",1,1,0,34.44246246163234,18.819622519664726
fundar-centro-de-analisis-e-investigacion,"Fundar, Centro De Análisis E Investigación",0,0,0,45.920580392689644,43.035097023449055
ministerio-de-economia-de-peru,X,0,0,0,25.92007481573626,57.98322566698979
ruta-civica,Ruta Cívica,6,2,0,32.494284798718425,14.915024535320287
asociacion-civil-guatecambia,Asociación Civil Guatecambia,0,0,0,16.28223770763484,58.07538760488544
folha-de-sao-paulo,Folha,0,0,0,29.691935178981115,41.85668401125648
creapption,Creapption,3,3,2,10.705131913915388,42.948396991974526
creative-commons,Creative Commons,27,27,0,24.971737737980522,23.12862780016967
asociacion-centro-ciudadano-de-estudios-para-una-sociedad-abierta-accesa,Asociación Centro Ciudadano De Estudios Para Una Sociedad Abierta -Accesa,0,0,0,30.898952040448584,44.95173504405916
politize,Politize,1,1,0,17.663929185606836,43.65177889598087
centro-de-midias-civicas-do-mit-media-lab,Centro De Mídias Cívicas Do Mit Media Lab,6,6,0,5.932151378656629,38.79596235639536
sumando-esfuerzos,Sumando Esfuerzos,0,0,0,39.07930572734928,38.54604304657565
instituto-midia-etnica,Instituto Mídia Étnica,0,0,0,51.137392941172564,37.33239515025417
red-consejo-ciudadano-a-la-contraloria-a-c,Red Consejo Ciudadano A La Contraloria A.C.,0,0,0,15.59969945471361,52.24725582207485
democracia-en-red,Democracia En Red,1,1,0,21.041294964650273,28.04006749234055
okfn-el-salvador,Okfn El Salvador,0,0,0,37.81866720779993,53.229384465504026
tu-voto-cuenta,X,0,0,0,33.486985331125815,42.64241881041157
contexto,Contexto,0,0,0,42.22732506244083,42.496576717607674
cooperativa-girasol-de-cosumo-solidario,Cooperativa Girasol De Cosumo Solidário,0,0,0,11.072763019139026,53.93839650454437
fundacion-buena-nota,Fundación Buena Nota,2,1,0,29.965193537298475,15.644898859697422
jo-venes-contra-la-violencia,Jóvenes Contra la Violencia,5,4,0,7.5635328110897415,35.82537544833032
agencia-ecologista-de-informacion-tegantai,Agencia Ecologista De Información Tegantai,0,0,0,45.12969833726852,34.566505056177974
artigo-19-brasil,Artigo 19 Brasil,0,0,0,35.92239472620064,42.79444324792867
cleteci-s-a,Cleteci S.A,1,1,0,33.55889888215348,27.949287088538533
mysociety,X,27,27,0,25.47889342540373,23.291297299070493
gazeta-do-povo,X,0,0,0,29.569366531356142,55.643419461305484
vetor-brasil,Vetor Brasil,0,0,0,47.62655586618596,31.704743947861473
project-poder,PODER,35,31,273,25.58852275111875,23.865448298659043
colab,Colab,0,0,0,36.2572418799682,58.03203348312303
instituto-salvadoreno-de-desarrollo-municipal-isdem,Instituto Salvadoreño de Desarrollo Municipal (ISDEM),2,2,1,35.555530319065106,26.726965312312295
fundacion-centro-latinoamericano-de-derechos-humanos,Fundación Centro Latinoamericano de Derechos Humanos,2,2,0,9.963972718665971,42.412045450402
abrepuertorico,Abrepuertorico,0,0,0,26.90006035874013,59.381582182886035
poder-ciudadano,Poder Ciudadano,3,3,9.549999999999999,19.592762685061583,25.046752525208586
la-publica,X,0,0,0,48.87045917923313,31.03068176017049
chicas-poderosas,Chicas Poderosas,27,27,0,25.480262657486193,22.25704174924648
central-america-software-services,Central America Software Services,0,0,0,44.53837042235794,54.04367144055947
colombia-check,Colombia Check,0,0,0,47.892796124800284,47.49333908788123
instituto-del-desarrollo-de-la-juventud,Instituto Del Desarrollo De La Juventud,0,0,0,19.19599368783212,59.40067140093744
observatorio-de-comunicacion-pucv,Observatorio De Comunicación Pucv,1,1,0,41.585945206695925,27.301551939627576
tribunal-permanente-de-los-pueblos,Tribunal Permanente De Los Pueblos,0,0,0,32.965164789279335,29.525627164793654
areta-valente-guimarães-mei,Areta Valente Guimarães Mei,1,1,0,23.820835683103354,36.70607682459462
centro-para-programas-de-comunicacion-nicaragua-cpcnic,Centro Para Programas De Comunicación Nicaragua (Cpcnic),1,1,0,21.198094280859088,35.720953610320585
instituto-são-paulo-sustentavel,Instituto São Paulo Sustentável,42,11,0,9.568197987922161,22.327231226053414
impacto-norte-srl,Impacto Norte Srl,0,0,0,28.065961692427784,46.01597066033793
comunideas-sas,Comunideas Sas,0,0,0,44.3963107497231,35.81370800596625
fundacion-karisma,Fundación Karisma,2,2,0,9.343249720817813,28.128703110589342
gobierno-de-colombia,Gobierno De Colombia,0,0,0,43.734301073079735,45.043808307938164
consejo-civico-de-vecinos,Consejo Civico De Vecinos,0,0,0,33.68413087651239,54.744091830143844
mindball-ong-planeta,Mindball Ong Planeta,0,0,0,46.43491966551952,32.50237931764802
instituto-ecoar-para-a-cidadania,Instituto Ecoar Para A Cidadania,3,3,0,15.229904356127845,36.83709493791302
voter-desenvolvimento-de-software-ltda,Voter Desenvolvimento De Software Ltda,0,0,0,30.327480915718414,54.08463501428305
fundacion-capital-los-empleados-mencionados-hacen-referencia-a-toda-la-organizacion-regional-que-esta-conformada-por-varias-sucursales-una-de-ellas-es-mexico-y-es-en-mexico-donde-estamos-proponiendo-realizar-mopa-por-el-momento,"Fundación Capital - Los Empleados Mencionados Hacen Referencia A Toda La Organización Regional Que Esta Conformada Por Varias Sucursales. Una De Ellas Es México, Y Es En México Donde Estamos Proponiendo Realizar Mopa Por El Momento.",1,1,0,20.5439800824477,19.025550723336227
associated-whistleblowing-press,Associated Whistleblowing Press,12,4,0,25.97485226010033,25.67207824321335
nucleo-de-estudos-em-inteligencia-gestão-e-tecnologias-para-inovacão-igti,"Núcleo De Estudos Em Inteligência, Gestão E Tecnologias Para Inovação (Igti)",4,4,0,6.340362304647096,33.923265948467005
update,Update,2,2,0,17.516956685760213,16.92920612971279
agencia-metropolitana-de-seguridad-laboratorio-de-politicas-publicas,"Agencia Metropolitana De Seguridad, Laboratorio De Políticas Públicas",6,2,0,15.483491130800811,43.9281744198846
universidade-federal-de-santa-catarina-ufsc-centro-tecnologico-ctc-departamento-de-engenharia-e-gestão-do-conhecimento-degc-nucleo-de-estudos-em-inteligencia-gestão-e-tecnologias-para-inovacão-igti,"Universidade Federal de Santa Catarina (UFSC); Centro Tecnológico (CTC); Departamento de Engenharia e Gestão do Conhecimento (dEGC); Núcleo de Estudos em Inteligência, Gestão e Tecnologias para Inovação (IGTI)",4,4,0,6.340493852908875,33.30275154352709
rede-de-observatorio-social-do-brasil,Rede De Observatorio Social Do Brasil,6,6,0,6.502914763068993,38.82169658060814
wheels,Wheels,0,0,0,33.9193764334872,37.98042264775024
mismatica-management-sistemas-de-gestion-mismatica-chile-limitada,Mismatica Management (Sistemas De Gestión Mismatica Chile Limitada),1,1,0,33.390442218121294,20.526028961885142
servicios-universitarios-y-redes-de-conocimiento-en-oaxaca-a-c,Servicios Universitarios Y Redes De Conocimiento En Oaxaca A C,0,0,0,46.519175035138176,23.86064031400811
olmeca-soy,Olmeca Soy,0,0,0,39.72959440049536,48.155678542281684
responsible-business-alliance-rba,Responsible Business Alliance (Rba),2,2,0,13.921705670506217,26.28137725861936
fundacion-corona,Fundación Corona,3,3,207,10.446317578961875,30.66333839580695
civica-digital,Cívica Digital civica-digital-mexico-sapi-de-cv,2,2,1,10.695578639083932,34.28268501672772
codeni,Codeni,0,0,0,40.77513442871443,57.247266740210094
akredito,Akredito,0,0,0,38.140181692813194,34.450612275800225
techo,Techo,4,4,72.83333333333334,17.87691255113354,27.435030329614015
accion-ciudadana,Acción Ciudadana,0,0,0,45.16677969291594,31.560317351496714
resabis-prevencion-salud-y-bienestar-social,"""\""PRESABIS\"" Prevención, Salud y Bienestar Social""",1,1,0,26.494600048161043,33.78653061468653
asociacion-civil-ernesto-shneider-troller,Asociación Civil Ernesto Shneider Troller,0,0,0,15.810911939726308,56.660884564928764
grupo-cidic,Grupo Cidic,4,4,0,13.647033741637498,34.8271635057506
openstreetmap-nicaragua,Openstreetmap Nicaragua,0,0,0,38.49401294217477,55.634028216933004
la-nacion-arg,La Nación,2,2,10.833333333333334,20.239109189257313,23.731465309623605
world-resources-institute-mexico,World Resources Institute México,2,1,0,19.682065191972946,17.717654555298346
fundacion-ensena-por-argentina,Fundación Enseñá Por Argentina,0,0,0,38.97513836484206,28.724374190277125
fundacion-ecomunidad,Fundación Ecomunidad,0,0,0,38.846791278503346,45.22614844329247
beetec-inteligencia-colectiva,Beetec Inteligencia Colectiva,0,0,0,44.81218100733063,44.05807111284572
corporacion-somos-mas,Corporación Somos Más,1,1,0,22.23016913240361,39.4163877468121
transformacion-de-obreros-y-tecnicos-esperanza-de-mexico-totem-a-c,Transformación De Obreros Y Técnicos Esperanza De México Totem A.C,0,0,0,43.258315658399596,53.387552502269926
jmm-tech,Jmm Tech,0,0,0,45.48611832654647,29.989181529119023
brujula-turistica,Brújula Turística,0,0,0,18.998993813367345,47.1473423172432
factus-s-a,"Factus,S.A.",0,0,0,29.407854231747145,50.45836595410483
el-espectador,X,0,0,0,51.1456431228582,39.56155902990605
universidade-federal-de-santa-catarina,Universidade Federal De Santa Catarina,4,4,0,5.466959731289594,33.356095084007265
red-argentina-para-la-cooperacio-n-internacional-raci,Red Argentina Para La Cooperacio´N Internacional (Raci),8,4,0,8.109109369741091,36.108274332320356
openstreetmap,Openstreetmap,27,27,0,24.73148727707431,22.029499117293646
core-systems,Core Systems,1,1,0,20.523446339318916,30.918988574668607
unicef,Unicef,0,0,0,27.230261166677327,54.890434989240696
seamos,Seamos,0,0,0,24.595870389312807,49.67898055185739
ojo-publico,Ojopúblico,5,3,4.5,13.823561645130468,28.66603697769741
fundacion-mi-sangre,Fundación Mi Sangre,2,1,0,7.5219014168245115,31.535128011174187
war-contenidos,War Contenidos,3,3,0,35.36028646866093,22.626477852585694
fundacion-juventud-emprendedora,Fundación Juventud Emprendedora,0,0,0,24.19066725195407,46.52075573701866
v-smart-s-a,V-Smart S.A.,0,0,0,44.57787583480364,52.4700496447096
fundacion-civico-social-pro-cartagena-funcicar,Fundación Cívico Social Pro Cartagena - Funcicar,0,0,0,14.4675086529802,56.782718479613656
lojasoft-solutions,Lojasoft Solutions,0,0,0,36.617564226995746,54.09857659135987
kodevian-enterprise-software-solutions,Kodevian Enterprise Software Solutions,1,1,0,40.976263381196766,19.260514766890218
programa-cidades-sustentaeis,Programa Cidades Sustentaeis,0,0,0,33.72985559735549,52.93995836916358
colaboratorio-de-desenvolvimento-e-participacão-universidade-de-são-paulo,"Colaboratório De Desenvolvimento E Participação, Universidade De São Paulo",6,6,0,6.527475797324237,39.65893998871951
observatorio-social-de-são-jose-ossj,Observatório Social De São José (Ossj),0,0,0,43.930888362242406,30.364690861429423
ojo-con-mi-pisto,X,0,0,0,49.17595497511529,32.866675377463274
corporacion-prodepaz,Corporación Prodepaz,1,1,0,42.40678481088583,27.33224768787668
softai,Softai,0,0,0,9.698955974641741,52.398112309551856
data-uruguay,Data Uruguay,5,5,209,27.921107187386387,20.191534522406535
oeste-mx,Oeste.Mx,0,0,0,37.56694117003596,50.93920772561708
instituto-educadigital,Instituto Educadigital,0,0,0,37.3487413269326,45.88434674408631
corporacion-red-somos,Corporación Red Somos,0,0,0,49.54423472640162,46.41588000313826
hacks-hackers,Hacks Hackers,27,27,0,24.768983737422808,22.997422383618215
democracia-digital,Democracia Digital,0,0,0,35.39382158782272,45.60441029035141
comite-para-la-democratizacion-de-la-informatica-cdi-colombia,Comite Para La Democratización De La Informatica. Cdi Colombia,1,1,0,18.90878375008838,40.36631128422276
protrash,Protrash,0,0,0,38.82222193855182,54.09914807458888
elleven,Elleven,0,0,0,16.781898725148075,52.914542656151674
cide,Cide,27,27,0,25.145784464073486,22.094152823039305
fundacion-naturaleza-para-el-futuro-funafu,Fundación Naturaleza Para El Futuro (Funafu),0,0,0,27.815117194933983,42.73475443514231
mapa-de-medios,X,0,0,0,35.02166643688167,55.45438627040529
diario-de-pernambuco,X,0,0,0,23.706943613413202,57.53497431846593
universidad-nacional-vivelab,Universidad Nacional (Vivelab),1,1,0,23.111449477485674,39.1960115889247
observatorio-del-gasto-fiscal-via-fundacion-contexto-ciudadano,Observatorio del Gasto Fiscal - via Fundación Contexto Ciudadano,3,2,0,5.505345333025759,44.92855979829811
ine-mx,Institución Nacional de Estadística y Geografía,0,0,0,26.136208205868726,43.71185044961953
grupo-faro,Grupo Faro,5,4,0,8.66590462130251,36.21121294751464
la-factura,X,1,1,0,22.92615123679817,25.352534680062668
tedic,Tedic,0,0,0,29.7017971966063,60.81933948287591
chequeado,Chequeado,9,5,22.633333333333322,21.633433520236725,24.502038377634662
centro-de-formacão-e-organizacão-comunitaria-ceforc,Centro De Formação E Organização Comunitária - Ceforc,0,0,0,27.77936683408307,50.42510087946585
cultivando-futuro,Cultivando Futuro,0,0,0,38.851277107023606,52.05661807723215
calhau-social,Calhau Social,0,0,0,31.053432029877495,55.77875848100481
fundamedios,Fundamedios,0,0,0,25.287858525405248,59.278708659345504
animal-politico,Animal Político,0,0,0,46.20476941374719,38.54034102768388
fundacion-grupo-civico-etica-y-transparencia-eyt,Fundación Grupo Cívico Ética Y Transparencia (Eyt),1,1,0,22.39585990027607,34.32398648354287
centro-de-investigacion-economica-y-presupuestaria-a-c,Centro De Investigación Económica Y Presupuestaria A.C.,1,1,0,41.80826595391233,23.480263432753848
ideales-soluciones-sociales,Ideales Soluciones  Sociales,0,0,0,47.471138675883466,35.855546052022746
universidad-de-santiago-de-chile-facultad-de-administracion-y-economia,"Universidad De Santiago De Chile, Facultad De Administración Y Economía",4,3,2,5.994640219754563,44.388968754341796
fgv-ceapg-centro-de-estudos-em-administracão-publica-e-governo-da-escola-de-administracão-de-empresas-da-fundacão-getulio-vargas,Fgv.Ceapg - Centro De Estudos Em Administração Pública E Governo Da Escola De Administração De Empresas Da Fundação Getulio Vargas,3,3,0,9.872096176556981,25.400055181742857
observatorio-do-recife,Observatório Do Recife,42,11,0,9.195019644304281,22.786296977714226
centro-de-estudios-ambientales-y-sociales-ceamso,Centro De Estudios Ambientales Y Sociales (Ceamso),0,0,0,28.88551286886833,39.12495211629307
geleia-mob,Geleia .Mob,6,3,0.5,14.447596706210629,39.44125618496355
investigacion-e-innovacion-factual-a-c,"Investigación E Innovación Factual, A.C.",0,0,0,12.95053102820677,53.21346202398321
asuntos-del-sur,Asuntos Del Sur,2,2,0,36.182730925037696,17.07149614133269
coordinadora-nacional-de-derechos-humanos,Coordinadora Nacional De Derechos Humanos,0,0,0,50.27121442247943,31.714632695352318
eokoe-soluções-tecnologicas-ltda,EOKOE SOLUÇÕES TECNOLÓGICAS LTDA,1,1,0,11.706611940156481,22.34267352508249
asociacion-colectiva-para-la-defensa-de-los-derechos-de-las-mujeres-en-guatemala,Asociación Colectiva Para La Defensa De Los Derechos De Las Mujeres En Guatemala,0,0,0,33.59282765196856,46.394637876727366
ojo-al-voto,Ojo Al Voto,0,0,0,45.382876886454426,28.406155032328737
fundacion-mapocho,Fundación Mapocho,0,0,0,34.64466568777015,56.76101548542313
consejo-civico-de-instituciones-de-nuevo-leon-a-c,"Consejo Cívico De Instituciones De Nuevo León, A.C.",0,0,0,32.579977470127325,56.41392108468957
presidencia,Presidencia,0,0,0,17.472555960937754,55.73470533334614
visual-reporting-technologies-s-de-r-l-de-c-v,"VISUAL REPORTING TECHNOLOGIES, S. DE R.L. DE C.V.",9,3,0,31.89089642058197,15.20122102360897
ilhasoft,Ilhasoft,0,0,0,27.666067460237187,44.44927647975765
subsidios-claros,Subsidios Claros,3,3,0,14.96095089689157,22.36215626069987
caritas-brasileira-regional-nordeste-ii,Cáritas Brasileira Regional Nordeste Ii,0,0,0,24.644761095255664,42.86997673590382
mapa,X,0,0,0,36.7483882819545,49.035958191878095
gana-nariño,GANA - Gobierno Abierto de Nariño,0,0,0,38.96582525784994,33.215629850278525
sociedad-en-movimiento-ac,"Sociedad En Movimiento, Ac",1,1,0,18.36662423886012,38.203976231223166
fundacion-ciencias-de-la-documentacion,Fundación Ciencias De La Documentación,0,0,0,43.542209135192714,31.89410733660281
xue-colombia-ltda,Xue Colombia Ltda,2,2,0,9.800820423613425,28.772771490831552
centro-universitario-de-belo-horizonte-unibh-anima-educacion,Centro Universitario de Belo Horizonte - UniBh / ANIMA Educación,0,0,0,32.33720524772822,35.60777876784832
universidad-de-chile-facultad-de-ciencias-fisicas-y-matematicas-departamento-de-ingenieria-industrial-centro-de-investigacion-en-inteligencia-de-negocios-ceine,"Universidad De Chile, Facultad De Ciencias Físicas Y Matemáticas, Departamento De Ingeniería Industrial, Centro De Investigación En Inteligencia De Negocios (Ceine)",2,2,1,6.229261786747,45.34724832184534
municipalidad-de-rosario-secretaria-de-economia-social-direccion-general-de-desarrollo-de-la-economia-social,"Municipalidad De Rosario, Secretaria De Economia Social, Dirección General De Desarrollo De La Economía Social",3,3,0,24.619380073492657,14.621744085091738
centro-de-investigaciones-y-estudios-en-antropologia-social,Centro De Investigaciones Y Estudios En Antropología Social,2,2,0,27.472408416630774,20.5854741207254
nucleo-de-informacão-e-coordenacão-do-ponto-br-nic-br,Núcleo De Informação E Coordenação Do Ponto Br - Nic.Br,1,1,0,23.133060188069692,41.19177116590354
icfj,X,27,27,0,24.440699417745016,22.445902192645082
cocidade,Cocidade,1,1,0,35.70797066633536,24.565193073554425
krieger-electronics-de-mexico-sa-de-cv,Krieger Electronics De Mexico Sa De Cv,1,1,0,16.555540175790444,18.751789230423743
the-next-services,The Next Services,0,0,0,48.694191629477324,39.22830592907649
mexico-informate,X,0,0,0,49.188805767033664,28.410017822343125
impaqto,Impaqto,2,2,0,9.694341873507744,38.27962123853139
malalai-tecnologia-de-seguranca-ltda,Malalai Tecnologia De Segurança Ltda,0,0,0,35.07234363757136,41.48325795881196
centro-tecnologico-ctc,Centro Tecnológico (Ctc),4,4,0,5.599477994160053,33.985972648479695
sociedad-civil-abriendo-datos-costa-rica,Sociedad Civil Abriendo Datos Costa Rica,0,0,0,47.55694476181301,49.498683262430376
uniandes,Uniandes,3,3,71,11.982805535489577,31.179776806585675
associacão-brasileira-de-jornalismo-investigativo,Associação Brasileira De Jornalismo Investigativo,0,0,0,43.188855162689585,54.98288496276088
data-uy,Data UY,1,1,0,29.752026310689764,19.813368723295103
jota-info,X,0,0,0,45.310973909551706,33.17701005817121
tercera-cumbre-ciudadana,X,0,0,0,47.05087675973341,50.764145800103364
veeduria-distrital-de-bogota-veeduria-delegada-para-la-contratacion,"Veeduria Distrital De Bogotá, Veeduría Delegada Para La Contratación",0,0,0,36.64696678697372,35.20040050891015
centro-de-estudios-para-la-equidad-y-gobernanza-en-los-sistemas-de-salud-cegss,"Centro De Estudios Para La Equidad Y Gobernanza En Los Sistemas De Salud, Cegss",0,0,0,20.864387257672355,55.41507051928355
fundacion-desarrollo-social-lealtad-chile,Fundación Desarrollo Social Lealtad Chile,0,0,0,29.581638784199576,43.85899016619425
o-instituto-ambiental,O Instituto Ambiental,0,0,0,37.013580819027354,55.46308341470034
pontificia-universidad-catolica-del-peru,Pontificia Universidad Católica Del Perú,0,0,0,28.0814673816294,58.65519256425242
fundacion-base-publica,Fundación Base Pública,0,0,0,40.47514099781069,29.00388921651594
ada,Ada,28,28,144.40000000000006,24.29973965422221,23.053488388731715
quartz,X,0,0,0,36.05368348543951,50.61750906860241
delpuerto-comunicaciones,Delpuerto Comunicaciones,0,0,0,14.93408511999341,54.111091694053364
comunicacion-corporativa-de-centroamerica,Comunicación Corporativa De Centroamérica,0,0,0,36.86890004699475,47.4648826431128
gafit-solucões-em-automacão-ltda-me,Gafit Soluções Em Automação Ltda - Me,3,3,0,12.852100781414926,42.108426761090826
cooperativa-aca-comunicaciones,Cooperativa Acá Comunicaciones,1,1,0,28.633657461617336,15.085205723964242
acecci-associacão-cearense-de-combate-a-corrupcão-e-a-impunidade,Acecci - Associação Cearense De Combate À Corrupção E À Impunidade,6,2,0,4.4939178840911715,36.97923195552764
instituto-de-estudios-del-trabajo-inet,Instituto De Estudios Del Trabajo -Inet-,1,1,0,23.727866128615634,31.56574432161901
independiente,X,0,0,0,46.061283839740994,37.17601357197521
ea-tech,Ea Tech,0,0,0,49.123553914324354,34.46035518160626
instituto-demos,Instituto Demos,0,0,0,19.240066901269344,52.649781984249614
mapas-coletivos,Mapas Coletivos,1,1,0,13.978414228804006,45.72233067469858
centro-bicicultura,Centro Bicicultura,0,0,0,42.99564967993226,41.14489712917046
dtlnet-ltda,Dtlnet Ltda.,1,1,0,38.48452745256847,26.930999287147948
faculdade-latino-americana-de-ciencias-sociais-flacso,Faculdade Latino-Americana De Ciências Sociais (Flacso),3,3,0,16.33079544524807,36.756682317620175
corporacion-control-social-colombia,Corporación Control Social Colombia,0,0,0,23.76058867797307,55.74181048900459
explico-s-a,"Explico, S.A.",1,1,0,35.293373671223094,18.943132944750023
fundacion-biciaccion,Fundación Biciacción,1,1,0,26.303554252571903,30.283346968677563
fundacion-conocimiento-abierto,Fundación Conocimiento Abierto,4,3,35,29.059719575009346,23.283291402742705
universidad-industrial-de-santander,Universidad Industrial De Santander,4,4,0,12.452254187720746,35.07476279379034
cedaps-centro-de-promoção-da-saude,CEDAPS - CENTRO DE PROMOÇÃO DA SAÚDE,1,1,0,29.967401999779337,28.59111386424289
cainfo,Cainfo,30,30,335.33333333333337,26.23722049266804,22.591191887653487
ae-edg,Ae Edg,0,0,0,44.39054263946196,37.27285919462849
pacifista-col,Pacifista,0,0,0,29.240616239458532,37.088491002096205
opendata-py,Opendata.Py,0,0,0,41.820208386359845,50.6298456390577
lar-de-maria-dolores,Lar De Maria Dolores,1,1,0,12.46058335145438,51.116423191362195
fundacao-educativa-e-cultural-arca,Fundação Educativa E Cultural - Arca,4,2,0.5,4.964555731679388,36.30770408226085
centro-de-promocion-de-la-mujer-gregoria-apaza-cpmga,Centro De Promoción De La Mujer Gregoria Apaza- Cpmga,1,1,0,21.01077723662331,15.611505368709372
trujillo-ahora,Trujillo Ahora,3,3,0.25,7.024567971600834,42.83016800276198
instituto-banco-da-periferia-palmas-lab,Instituto Banco Da Periferia - Palmas Lab,6,2,0,5.147395865225904,37.01922275905752
instituto-stela,Instituto Stela,1,1,0,15.260900253505724,19.852770475354387
bikedash,Bikedash,0,0,0,37.490073772808884,42.07312692857832
sistemas-de-informacion-geografica-para-la-planeacion-y-ordenamiento-del-territorio-sigpot-sa-de-cv,Sistemas De Información Geográfica Para La Planeación Y Ordenamiento Del Territorio (Sigpot Sa De Cv),0,0,0,39.26484394713065,42.29626721425791
centro-peruano-para-la-resiliencia-de-socioecosistemas-urbanos-centro-urbes,Centro Peruano Para La Resiliencia De Socioecosistemas Urbanos - Centro Urbes,1,1,0,41.54802284184239,18.738940246825333
laboratorio-para-la-accion-publica,Laboratorio Para La Acción Pública,0,0,0,14.198492447496433,55.33518189190054
onesmart-technology-sa-de-cv,Onesmart Technology Sa De Cv,0,0,0,29.057298292959164,57.443895929405166
corporacion-con-tacto-local,Corporación Con Tacto Local,2,2,0,10.35672675422834,27.991119783264672
departamento-de-engenharia-e-gestão-do-conhecimento-degc,Departamento De Engenharia E Gestão Do Conhecimento (Degc),4,4,0,5.932362706186629,32.85695086317754
campana-global-por-la-libertad-de-expresion-a19-a-c,"Campaña Global Por La Libertad De Expresión A19, A.C.",0,0,0,38.349881371080585,47.541109226676284
imaflora,Imaflora,42,11,0,9.317352538715785,22.34408829472624
unidad-positiva-para-el-desarrollo-ciudadano-updc,Unidad Positiva Para El Desarrollo Ciudadano - Updc,0,0,0,30.417856661100295,40.02665730914518
socialab-global,Socialab Global,0,0,0,41.338667156185856,47.011360766203595
fundacion-la-network,Fundación La Network,0,0,0,34.068412272952074,36.09135878892488
grupo-cemos,Grupo Cemos,4,4,0,13.245293505454189,35.270714145025664
centro-de-empreendedorismo-universitario-consultoria-ltda,Centro De Empreendedorismo Universitario &Consultoria Ltda,0,0,0,19.7874991538575,48.97524897199082
instituto-casa-da-cidade,Instituto Casa Da Cidade,0,0,0,28.186588870422145,60.84570182006957
bondiar,Bondiar,0,0,0,36.50573411665406,33.336211989728966
todos-pela-educacão,Todos Pela Educação,0,0,0,42.851324756611895,35.42879305945766
periodico-el-faro,Periódico El Faro,1,1,0,24.044057334565423,26.025709126989117
how-to-build-up,How To Build Up,1,1,0,32.6439013492074,18.320156914739595
centro-profesional-indigena-de-asesoria-defensa-y-traduccion-a-c,"Centro Profesional Indígena De Asesoría, Defensa Y Traducción A.C.",0,0,0,44.109654917876554,23.334492893148695
factico,Fáctico,0,0,0,12.488795732917671,54.4895883938286
semana,X,0,0,0,37.96691868763935,43.79169758015112
cicatal,Cicatal,0,0,0,26.455737888268533,49.12128159489206
alampyme-br-associacão-latinoamericana-de-micro-pequenas-e-medias-empresas-capitulo-brasil,"Alampyme Br - Associação Latinoamericana De Micro, Pequenas E Médias Empresas Capítulo Brasil",3,3,0,15.762021882541424,37.3232330165872
camaleon-multimedia-sas,Camaleon Multimedia Sas,0,0,0,40.276830035832276,53.02284715958194
comunidades-de-software-libre,Comunidades De Software Libre,0,0,0,45.86583100753896,39.97495523999002
instituto-phomenta,Instituto Phomenta,0,0,0,30.24207381793889,58.81069818771334
fundacion-construir,Fundación Construir,0,0,0,22.391124425034974,59.154509940069346
movimento-nossa-bh,Movimento Nossa Bh,42,11,0,9.09857869709928,22.105226628120036
fundacion-encuentro-para-la-participacion-ciudadana-y-la-ampliacion-de-derechos,Fundación Encuentro para la participación ciudadana y la ampliación de derechos,1,1,0,40.412528004317636,20.85078174082678
universidad-rafael-landivar,Universidad Rafael Landivar,0,0,0,36.820641044285594,28.590603980543396
solvo,Solvo,0,0,0,40.12077464637062,40.815941422150836
asociacion-transporte-ativo,Asociación Transporte Ativo,0,0,0,27.40816235445294,57.358907953654516
econsulting-s-r-l,Econsulting S.R.L.,2,2,0,36.60203358643005,16.299698874494094
saber-votar,X,0,0,0,35.167550740623476,52.388038622709615
servicios-de-ideas-creativas-para-el-desarrollo-de-organizaciones-a-c,"Servicios De Ideas Creativas Para El Desarrollo De Organizaciones, A.C.",0,0,0,50.1854013681751,38.40413864187475
asi-asesores-para-la-inversion-social,Asi - Asesores Para La Inversión Social,0,0,0,21.05123808469326,50.06561869728927
el-pais-col,El País,0,0,0,17.686960480232287,46.09751223816631
usocial-maps,Usocial Maps,0,0,0,34.24994800877409,44.05196281340656
hacks-hackers-bogota,Hacks/Hackers Bogota,0,0,0,42.35412738882872,36.97801876586711
hacklab-asuncion,Hacklab Asunción,0,0,0,44.654470712586416,41.129193106144875
lima-i-o,X,0,0,0,34.199555919691996,39.612279035369255
flip,Fundación para la Libertad de Prensa,0,0,0,27.971429036093426,48.15458199303919
convoca,Convoca,1,1,0,14.802577397294467,30.981134291215056
fundacion-ciudadana-civio,Fundación Ciudadana Civio,6,2,0,13.433224310417419,27.958040492198577
instituto-humanista-de-cooperacion-para-el-desarrollo-hivos,Instituto Humanista De Cooperación Para El Desarrollo - Hivos,6,2,0,12.970033764763858,28.27854158994415
soluntia-sa,Soluntia Sa,0,0,0,24.45297516736401,44.61800680625433
associacão-todos-por-um-tp1,Associação Todos por Um (Tp1),4,2,0,14.693074577922575,40.13109748740487
red-infodesarrollo,Red Infodesarrollo,4,4,3,9.724330704066434,49.4756038355314
13-media-sc,13 Media Sc,0,0,0,46.150645736425965,41.57864432413144
vigilamos,Vigilamos,0,0,0,25.181104304799064,47.94707150074094
iniciativa,X,0,0,0,45.049892219408264,26.53942863159349
lndata,LNData,4,3,9.549999999999999,21.222253711264102,25.62856633184938
fgx,Fgx,0,0,0,20.922427904406465,59.9348177079079
centro-de-lideranca-publica,Centro De Liderança Pública,1,1,0,27.690735521921102,16.344554286219182
olhoneles,Olhoneles,0,0,0,16.888764038560137,54.398065553599324
associacão-software-livre-org,Associação Software Livre.Org,2,2,0,38.26835571374785,18.268868071556906
hiperderecho,Hiperderecho,1,1,0,21.227923395003035,32.67250972676088
derive-lab,Derive Lab,4,4,0,12.893791104980785,35.71798356308701
taturana-mobilizacão-social,Taturana Mobilização Social,0,0,0,47.847055359159214,33.16417805038007
forum-brasileiro-de-seguranca-publica,Fórum Brasileiro De Segurança Pública,0,0,0,33.49693200725764,57.40374791023243
prosas-tecnologia-social-ltda,Prosas Tecnologia Social Ltda,0,0,0,44.81793349233046,47.73176007560737
laboratorio-de-medios,Laboratorio de Medios,0,0,0,42.16047229800804,52.173959953883525
vivero-de-iniciativas-ciudadanas,Vivero De Iniciativas Ciudadanas,0,0,0,33.03746927838983,58.824065208506426
committee-for-a-better-new-orleans-comite-por-una-mejor-nueva-orleans,Committee For A Better New Orleans/Comité Por Una Mejor Nueva Orleans,0,0,0,49.0714978390642,35.840702000728456
artnumerica,Artnumerica,0,0,0,26.803011627754838,47.089482171471715
datos-concepcion,Datos Concepcion,3,3,0,14.780665468708667,23.094698776081696
open-knowledge-foundation,Open Knowledge Foundation,27,27,0,25.434113474692865,23.00865790189206
agrupacion-biosfera,Agrupación Biósfera,1,1,0,28.023677991505867,14.5337749841678
red-aceleradora-global,Red Aceleradora Global,0,0,0,43.7453249640486,33.5169938663147
el-caracol,El Caracol,27,27,0,25.021890851217936,23.37891871024844
centro-de-promocion-en-salud-y-asistencia-familiar-ceprosaf,Centro De Promoción En Salud Y Asistencia Familiar (Ceprosaf),0,0,0,46.957379344748034,29.055849838968598
zapopan-lab,Zapopan Lab,6,2,0,15.297552450862256,44.52896327988055
olinguito,Olinguito,0,0,0,31.666033396874177,59.498126733300246
ecosocial-consultores-s-a-s,Ecosocial Consultores S.A.S,0,0,0,40.10495738264208,26.998260562409914
ieepp,X,0,0,0,40.45125305654753,49.46178984297007
medialab-quito,Medialab Quito,3,3,0,9.15462747134232,50.51002678704586
conceptu-prototipos-e-sistemas,Conceptu Protótipos E Sistemas,1,1,0,38.734821613769114,25.169271874713882
appcivico,X,22,11,62.5,9.797163347194296,22.62974087507276
cuentas-claras,X,0,0,0,32.151662530862424,39.62551942071604
hormiga-investigacion,Hormiga Investigación,3,3,0,35.60810385647195,21.945479550639266
instituto-ilhabela-sustentavel,Instituto Ilhabela Sustentável,42,11,0,9.224019432822136,22.556738597094327
fundacion-ideas-para-la-paz,Fundacion Ideas Para La Paz,1,1,0,40.52542868515206,25.26313169360085
policentrico,Policéntrico,1,1,0,32.41785633727401,19.127068584053482
ministerio-de-economia,X,0,0,0,45.46926776934086,23.04975818481451
associacão-forum-suapoe-espaco-socioambiental,Associação Fórum Suapoe Espaço Socioambiental,3,3,0,9.269804331003161,25.05088721197005
project-on-organizing-development-education-and-research-poder,"Project on Organizing, Development, Education, and Research (PODER)",8,4,1,26.45961004848896,25.254673800533784
lima-como-vamos,Lima Cómo Vamos,5,4,1,8.032600086977476,42.4429313451805
techo-internacional-oficina-central,Techo Internacional (oficina central),3,3,1.8333333333333333,17.828954931556297,26.37481769028376
grupo-faro-america-latina-y-el-caribe,Grupo FARO América Latina y el Caribe,5,4,0,8.058309120757313,35.33099630993988
corresponsales,Corresponsales,0,0,0,28.20683766209977,55.97177377838858
duran-asociados-spa,Durán & Asociados Spa.,0,0,0,16.55898273368051,51.10220168298174
gobierno-de-panama,Gobierno De Panamá,0,0,0,42.84137704751993,47.139192616195345
derecho-ambiente-y-recursos-naturales,"Derecho, Ambiente Y Recursos Naturales",0,0,0,24.06310271733809,60.475858723786175
plataforma-nuup-ac,Plataforma Nuup Ac,0,0,0,43.99545271974381,27.661275156224615
g1,X,0,0,0,42.00827918477518,29.189457278185394
rancho-electronico,Rancho Electronico,0,0,0,26.12770670200823,41.52677840322615
centro-de-estudos-avancados-de-promocão-social-e-ambiental-ceaps-projeto-saude-alegria,Centro De Estudos Avançados De Promoção Social E Ambiental - Ceaps / Projeto Saúde & Alegria,0,0,0,38.068823188194806,36.43518380987114
fundacion-para-el-desarrollo-de-politicas-sustentables-fundeps,Fundación Para El Desarrollo De Políticas Sustentables (Fundeps),2,2,0,11.947790150258207,45.758534879751764
laboratorio-de-inovacão-e-controle-no-setor-publico-da-universidade-federal-do-para,Laboratório De Inovação E Controle No Setor Público Da Universidade Federal Do Pará,6,6,0,5.675535472518188,39.26153536500576
infodf,X,0,0,0,40.997922081754716,38.72863560468415
softex,Softex,2,2,0,23.543923873292428,16.6532502032297
guarumo,Guarumo,0,0,0,32.210039969350326,54.97230682687222
pictorica-comunicacoes-s-c-ltda,Pictórica Comunicações S/C Ltda,1,1,0,15.16128105633306,48.465395277339255
c230,C230,2,2,0,9.248388181579259,31.39026451743309
causa-natura,Causa Natura,1,1,0,11.845832325333443,48.42292025212666
grupo-limonta,Grupo Limonta,0,0,0,33.18494235621278,34.09892505874094
180data,180Data,28,28,128,25.62776306535334,22.060581468449275
promec-projetos-e-modelagens-em-engenharia-e-computacão-ltda,Promec Projetos E Modelagens Em Engenharia E Computação Ltda,1,1,0,13.241294267814322,51.42940860125324
plataforma-ciudadana-inteligente,Plataforma Ciudadana Inteligente,1,1,0,32.71077997919431,27.66066909560779
mas-cultura,X,0,0,0,35.13877823297175,29.124203335686225
centro-latinoamericano-de-derechos-humanos,Centro Latinoamericano de Derechos Humanos,1,1,0,11.071164598767623,43.827873511257906
datalat,Datalat,3,3,2,10.598595731766293,37.892164024765485
ux,Ux,1,1,0,21.134495085858628,18.305311990406814
innpactia-s-a-s,Innpactia S.A.S.,0,0,0,45.03594274645527,49.459258181805886
espacio-publico,Espacio Público,2,2,0,7.349494985770916,29.976048971123756
checkuy,Checkuy,0,0,0,49.78776006376587,39.909864270757
instituto-humanitas360,Instituto Humanitas360,6,6,0,6.1740106009220295,39.97709343469391
participacion-ciudadana-capitulo-dominicano-transparencia-internacional,"Participación Ciudadana, Capitulo Dominicano Transparencia Internacional",0,0,0,49.59991249736137,37.24037800246451
codium,Codium,5,4,3,7.743727122045278,47.58826022657613
ciudadano-construccion-y-articulacion-de-lo-publico-centro-de-investigaciones-y-estudios-en-antropologia-social-ciesas,Ciudadano. Construcción y Articulación de lo Público/Centro de Investigaciones y Estudios en Antropología Social (CIESAS),2,2,0,28.17069920306874,21.131479384148484
fundacion-latitudes,Fundación Latitudes,0,0,0,22.766172213675894,50.26084046421191
observatorio-mexicano-de-la-crisis,Observatorio Mexicano De La Crisis,0,0,0,33.11561693341988,41.05148807381913
de-la-azotea,De La Azotea,3,3,0,24.426167474911214,15.386175978503761
colaborativomx,X,0,0,0,26.288035025771872,56.42168015377076
blackbox-solutions-y-copropiedad,Blackbox Solutions Y Copropiedad,0,0,0,28.05841317971705,52.05350276323066
inkco-sas,Inkco Sas,1,1,0,19.807752996756687,40.499047302186355
world-resources-institute-brasil-wri-brasil,World Resources Institute Brasil - Wri Brasil,1,1,0,11.669857843072007,23.3064582563874
presidencia-del-consejo-de-ministros,Presidencia Del Consejo De Ministros,0,0,0,31.357611309131958,41.77785312345778
youniversys-srl,Youniversys Srl,0,0,0,22.65004097100275,60.43777921686748
centro-de-participacion-y-ciudadania-ciudadanos-al-dia,Centro de Participación y Ciudadanía - Ciudadanos al Día,0,0,0,41.783015495444644,53.54111497551493
departamento-de-electronica-e-informatica-universidad-catolica-ntra-senora-de-la-asuncion-paraguay,"Departamento de Electrónica e Informática, Universidad Católica \""Ntra. Señora de la Asunción\"", Paraguay",4,3,0,7.953392312546674,46.46841702891982
la-diaria,La Diaria,0,0,0,46.34807768927417,47.5377416886183
economia-feminista,Economía Feminista,5,3,620,16.96593132993447,27.56345634173545
instituto-sincronicidade-para-a-interacão-social-ispis,Instituto Sincronicidade Para A Interação Social (Ispis),1,1,0,13.443307931645844,44.95415288993975
detona,Detona,5,4,1,7.459605539951714,42.15681745907152
fundacion-pacientes-cancer-de-pulmon,Fundación Pacientes Cáncer De Pulmón,2,2,0,19.96924871311063,27.410075057651557
este-pais-a-c,"Este País, A.C.",1,1,0,18.98799496213875,33.56523391349247
arquitectura-expandida,Arquitectura Expandida,0,0,0,35.14074723957372,47.08100317706602
parapapapp-sas,Parapapapp Sas,0,0,0,35.7648596990769,31.441121776453905
periodico-sudestada,Periodico Sudestada,0,0,0,37.15577115593318,59.027291688503766
fundacion-ejercicio-ciudadano,Fundación Ejercicio Ciudadano,3,3,0,25.16497253290486,15.543361678010095
cscr,Cscr,0,0,0,23.918917378082458,58.882384283116885
quienmerepresenta,Quiénmerepresenta,1,1,0,21.21990165725,42.613341160068
direccion-de-gobierno-abierto-y-datos-abiertos,Dirección De Gobierno Abierto Y Datos Abiertos,4,3,35,29.175054379911664,22.717907510774413
banco-mundial,Banco Mundial,1,1,0,17.796899344143416,35.439368897462316
instituto-panameno-de-derecho-y-nuevas-tecnologias,Instituto Panameño De Derecho Y Nuevas Tecnologías,1,1,0,25.41369059806365,39.2164682641521
fundacion-para-las-buenas-practicas-de-la-internet-y-las-tecnolgias-fundabit,FUNDACIÓN PARA LAS BUENAS PRÁCTICAS DE LA INTERNET Y LAS TECNOLGÍAS - FUNDABIT,1,1,0,30.810810246485353,17.251748232942006
sociedad-de-hecho-la-pesetera,"""Sociedad De Hecho \""La Pesetera\""",0,0,0,48.39605242274272,29.579841760602083
camara-de-comercio-de-bogota-ccb,Cámara De Comercio De Bogotá - Ccb,1,1,0,40.494532883875905,24.398658723571877
plan-estrategico-de-juarez,Plan Estrategico De Juarez,27,27,0,25.00755268636875,22.575692051802815
asociacion-pro-arte,Asociación Pro Arte,3,3,0,14.546733809555178,21.829592835594276
servicios-integrales-para-el-desarrollo,Servicios Integrales Para El Desarrollo,0,0,0,29.218338208499652,48.81640585341613
municipalidad-de-renca,Municipalidad De Renca,2,2,0,7.6375393023837335,29.139088221187663
labhacker,Labhacker,2,2,0,18.023053446605896,17.54093225628024
servicios-e-informacion-para-el-desarrollo-economico-local-sidel,Servicios E Información Para El Desarrollo Económico Local-Sidel,1,1,0,20.724537068477193,16.40282048134097
zeus-tecnologica-s-a,Zeus Tecnologica S.A,0,0,0,15.836720333970279,55.23789301372627
direccion-de-transparencia-y-gobierno-abierto-de-la-provincia-de-jujuy,Dirección De Transparencia Y Gobierno Abierto De La Provincia De Jujuy,1,1,0,38.54938926819717,22.441080361623488
fundacion-ambiente-y-recursos-naturales-farn,Fundación Ambiente Y Recursos Naturales (Farn),2,2,0,12.438465260883861,46.551057591702985
gobierno-de-minas,Gobierno De Minas,0,0,0,20.501965799621267,47.39312902618275
avesso-sustentabilidade,Avesso Sustentabilidade,0,0,0,44.61368330256252,39.0344151394579
datasketch,Datasketch,7,6,594,13.225421801989468,29.726842227976494
hivos,X,28,28,71,25.929511818950797,23.239935912416
fundacion-generacion-sin-limite,Fundación Generación Sin Límite,1,1,0,18.033281340852845,41.75789166445305
smart-data-services,Smart Data Services,1,1,0,11.001482925764687,51.84111634663296
centro-de-assessoria-multiprofissional-camp,Centro de Assessoria Multiprofissional - CAMP,1,1,0,16.53174675122957,47.17513312467235
grupo-de-estudos-sobre-cultura-representacão-e-informacão-digitais-cridi,"Grupo De Estudos Sobre Cultura, Representação E Informação Digitais - Cridi",0,0,0,35.940676782186166,39.98087550003528
dal,Dal,0,0,0,18.662437521740266,50.34564590211366
moodstudio,Moodstudio,2,2,0,11.579562264299197,46.510964775019
exxact-negocios-digitales-spa,Exxact Negocios Digitales Spa,1,1,0,41.8454404136607,21.132362259338187
ligue-politico,X,0,0,0,50.517078512858816,33.28157710482536
code-for-the-caribbean,Code For The Caribbean,1,1,0,24.69975270824079,19.548252717045955
instituto-soma-brasil,Instituto Soma Brasil,42,11,0,8.963161047002393,22.849002190566747
red-ciudadana-nuestra-cordoba-asociacion-civil-nuestra-cordoba,Red Ciudadana Nuestra Córdoba – Asociación Civil Nuestra Córdoba,2,2,0,29.214463032461396,18.899397572079675
centro-de-pensamiento-estrategico-internacional-cepei,Centro De Pensamiento Estratégico Internacional - Cepei,1,1,0,19.545062181981834,28.227587215953495
ouvidoria-geral-da-união-ministerio-da-transparencia-fiscalizacão-e-controladoria-geral-da-união-cgu,"Ouvidoria-Geral Da União / Ministério Da Transparência, Fiscalização E Controladoria-Geral Da União?-Cgu",6,6,0,5.722488856838864,39.735990214291945
escuela-de-datos-peru,Escuela De Datos Peru,0,0,0,35.81573859232161,36.50299827807564
accion-colectiva,Acción Colectiva,0,0,0,25.858436773013516,45.781612371584004
invernaideas,Invernaideas,3,3,0,36.35502545103944,22.107240961750673
onu,Onu,0,0,0,21.62289917048223,51.90388743579847
fundacion-ciudadano-inteligente,Fundación Ciudadano Inteligente,12,4,0,26.638809709565503,25.645114781778137
incotedes,Incotedes,1,1,0,30.18194066537999,30.92678658905315
centro-de-los-derechos-del-migrante-inc,"Centro De Los Derechos Del Migrante, Inc.",1,1,0,9.819505246310854,34.17077594084747
instituto-metropolitano-de-profissionalizacão-arte-cultura-e-oportunidades-impacto,"Instituto Metropolitano De Profissionalização, Arte, Cultura E Oportunidades - Impacto",0,0,0,43.60275296773626,29.031191204930277
simetria-centro-de-innovacion-en-politicas-publicas-a-c,"Simetría, Centro De Innovación En Políticas Públicas A.C.",1,1,0,42.63828153772373,23.254793919004445
social-apps-lab-university-of-california-berkeley,"Social Apps Lab, University Of California, Berkeley",6,3,0,7.521134278496017,46.952129268361226
ciudadan-s-por-la-transparencia-a-c,Ciudadan@S Por La Transparencia A.C,1,1,0,28.358367262720083,31.64213829827519
ministerio-de-salud,X,0,0,0,19.893622465449948,58.35747839550205
monoku,Monoku,1,1,0,10.986745344800951,31.997594936046074
presabis,Presabis,1,1,0,26.137499651355267,32.94976426901165
proetica,Proetica,0,0,0,18.97653073583086,55.730320295326585
kronoscode,Kronoscode,1,1,0,23.065948085685683,33.84037245746621
mgov-brasil,Mgov Brasil,0,0,0,27.118771303062974,53.25794416853281
municipalidad-de-guatemala,X,0,0,0,32.81842520488676,47.988221842502476
fundacion-villafranca-y-zurcher-para-la-educacion-de-la-juventud-a-traves-del-turismo,Fundación Villafranca Y Zurcher Para La Educación De La Juventud A Través Del Turismo,2,2,0,14.711064439618355,26.041690784193385
corporacion-ruta-n,Corporación Ruta N,0,0,0,31.04117806445499,32.5499414490711
instituto-banco-da-periferia,Instituto  Banco Da Periferia,1,1,0,8.075686354544493,39.54999766975226
slashroots,Slashroots,28,28,71,24.940825202334285,22.09214716495775
tigo,Tigo,0,0,0,46.39185066195568,26.426271150758513
capitulo-chileno-de-transparencia-internacional-chile-transparente,"Capítulo Chileno De Transparencia Internacional, Chile Transparente",1,1,0,25.604484788982106,35.69726183473192
nova-grupo-de-consultoria-sas,Nova Grupo De Consultoria Sas,0,0,0,20.646927991305965,53.27202196778818
vendata,Vendata,0,0,0,37.46079353580963,38.261508228310774
manas-technology-solutions,Manas Technology Solutions,1,1,0,17.12159038684184,28.881176652216386
instituto-atlantico,Instituto Atlântico,1,1,0,11.869922795521251,39.61909738151768
yecas,Yecas,0,0,0,42.867025422550334,49.69854201169703
secretaria-de-planificacion-desarrollo-y-modernizacion-de-la-municipalidad-de-san-salvador-de-jujuy,"Secretaria De Planificacion, Desarrollo Y Modernizacion De La Municipalidad De San Salvador De Jujuy",1,1,0,9.755212131654734,45.08787420799994
asociacion-nacional-para-el-fomento-de-la-economia-del-bien-comun-en-chile,Asociación Nacional Para El Fomento De La Economia Del Bien Común En Chile,0,0,0,45.78395021270048,51.01299345001161
omnibus-hacker,Omnibus Hacker,0,0,0,27.085810407071268,39.76473517015548
red-infodesarrollo-nemesis,Red Infodesarrollo - Némesis,1,1,0,10.088708797695787,48.53233496790017
maga-systems-consulting,Maga Systems & Consulting,1,1,0,18.83030686698156,42.31767380987337
fundacion-hogares-iap,"Fundación Hogares, Iap",1,1,0,11.110027820147687,33.47640901462909
corporacion-seamos-democracia-digital,Corporación Seamos - Democracia Digital,0,0,0,35.135251029923154,53.981186924533134
gobierno-de-quito,Gobierno De Quito,0,0,0,32.38163623424839,51.72798997632108
emude-tecnologia-em-cidades,Emude Tecnologia Em Cidades,0,0,0,31.977716557381978,30.703651370242223
nuestra-mendoza-fundacion-nuestra-mendoza,"Nuestra Mendoza,Fundación Nuestra Mendoza",1,1,0,17.087493416589453,33.115038548092905
mz-tecnologia,Mz Tecnologia,6,3,0.5,15.029246479194857,39.31912457779107
universidad-nacional-de-rio-negro,Universidad Nacional De Rio Negro.,0,0,0,40.04882218107016,54.606600458688874
arede,Arede,2,2,0,22.79815717159139,16.040765256175213
asociacion-civil-por-la-igualdad-y-la-justicia-arg,ACIJ - Asociación Civil por la Igualdad y la Justicia,14,10,336.11666666666673,21.101564845037288,24.89299014402829
fundacion-inhoy,Fundación Inhoy,1,1,0,37.71927493034841,27.195097356364336
civitatis-consultoria-e-assessoria-educacional-ltda,Civitatis Consultoria E Assessoria Educacional Ltda,1,1,0,17.0326309067693,42.92281421639823
associacão-casa-fluminense,Associação Casa Fluminense,42,11,0,8.75569806458377,22.42362245992492
centro-de-desarrollo-sostenible,Centro De Desarrollo Sostenible,0,0,0,40.61017421751405,32.878751513235876
fundacion-paraguaya,Fundación Paraguaya,0,0,0,18.13641289602423,53.71954647108393
centro-de-assessoria-multiprofissional,Centro De Assessoria Multiprofissional,1,1,0,16.91431954764962,48.0162718478424
instituto-floresta-tropical,Instituto Floresta Tropical,0,0,0,46.27879043944318,48.92455905283222
fluxo,Fluxo,2,2,0,11.012706356491627,24.66022892545482
cuestion-publica,Cuestión Pública,0,0,0,47.278764771283406,40.410072749779765
fundacion-nacional-para-el-desarrollo-funde,Fundación Nacional Para El Desarrollo (Funde),0,0,0,30.71997948794444,37.971948787784406
strategia-electoral,X,0,0,0,39.30005066867728,57.18656723312947
sebuscan-sas,Sebuscan Sas,0,0,0,42.0818593774162,30.71832644256273
atrelar-s-a-dynamizeit,ATRELAR S.A. (DynamizeIT),1,1,0,18.712152531019424,20.121636290092372
revista-resiliente-bra,X,0,0,0,30.89450055679393,52.25069511674082
fundacion-bit,Fundación Bit,3,2,1,30.212899576102664,16.443131759634326
cobracriada,Cobracriada,1,1,0,37.45426993811719,20.4994335319299
nuestra-mendoza,Nuestra Mendoza,2,2,0,10.643483639500788,41.931542425406064
fundacão-darcy-ribeiro,Fundação Darcy Ribeiro,0,0,0,25.771394955077188,54.71532261805797
rokode-digital,Rokode Digital,3,3,0,36.13208068914573,22.801693419797232
asociacion-horizonte-positivo,Asociación Horizonte Positivo,0,0,0,20.387892753264172,56.705130612589876
oneeyeant,Oneeyeant,3,3,0,25.362927237540724,14.858325960383358
fundapi,Fundapi,3,3,0,9.887363288859202,50.34388666166483
municipalidad-san-jose-del-idolo-suchitepequez-guatemala,"Municipalidad San José Del Ídolo Suchitepéquez, Guatemala",0,0,0,31.709448829220534,43.409461972020324
centro-universitario-de-belo-horizonte,Centro Universitário De Belo Horizonte,1,1,0,16.496065813700888,21.51825556261785
themis-genero-justica-e-direitos-humanos,"Themis Gênero, Justiça E Direitos Humanos",1,1,0,38.489575219716535,24.367874382646526
mingarã-asociacion-para-el-desarrollo-sustentable,Mingarã. Asociación Para El Desarrollo Sustentable,1,1,0,7.546423864374392,48.620632972157615
asociacion-civil-japiqay-memoria-y-ciudadana,"Asociación Civil Japiqay, Memoria y Ciudadana",3,2,0,13.518013507676496,49.12759177107935
atix-labs-srl,Atix Labs Srl,0,0,0,44.02144057918733,42.67377090298519
olabi,Olabi,0,0,0,39.70679715596041,37.25050150265891
corporacion-cientificas-de-datos,Corporación Científicas De Datos,0,0,0,44.3812374965296,50.65734417222375
instituto-de-politicas-para-el-transporte-y-el-desarrollo-itdp,Instituto De Políticas Para El Transporte Y El Desarrollo (Itdp),0,0,0,14.277007052077579,52.89714656786641
escuela-de-datos,Escuela de Datos,27,27,0,25.723009164229875,22.999369474859645
asociacion-nacional-de-directores-de-bibliotecas-redes-y-servicios-de-informacion-del-sector-academico-universitario-y-de-investigacion-anabisai,"Asociación Nacional De Directores De Bibliotecas, Redes Y Servicios De Información Del Sector Académico, Universitario Y De Investigación (Anabisai)",0,0,0,24.8712143182355,56.7069013580485
movilizatorio,Movilizatorio,4,3,71,8.365144787142714,31.331416162515378
muove-brasil,Muove Brasil,1,1,0,26.879950061031817,16.134145582122912
movimiento-civico-nacional,Movimiento Cívico Nacional,0,0,0,45.223862083207244,24.851179766305005
fundacion-medialab-quito,Fundación Medialab Quito,2,2,0,10.40564295208589,38.817562023624575
centro-de-justicia-y-paz-cepaz,Centro De Justicia Y Paz - Cepaz,0,0,0,31.121350515399914,50.51283888798603
rosario-mobile-apps,Rosario Mobile Apps,1,1,0,27.48371935385941,36.34328586121923
receita-federal,Receita Federal,0,0,0,47.6529631701577,42.262156331283144
estudio-manati-s-a,Estudio Manatí S.A.,2,2,0,14.075026264290653,25.498006807471487
fundacion-ciudadania-y-desarrollo,Fundación Ciudadania Y Desarrollo,1,1,0,11.524435820553908,37.514545135854576
corporacion-cobeii,Corporación Cobeii,0,0,0,42.135789607292246,45.32189990999773
eixo-publico-consultoria-junior,Eixo Público - Consultoria Júnior,0,0,0,42.065061253271764,56.08590842761777
asociacion-chilena-de-proteccion-de-la-familia-aprofa,Asociación Chilena De Protección De La Familia - Aprofa,0,0,0,50.63637357703237,42.66486293272919
periodista-virtual,Periodista Virtual,1,1,0,28.218078548957518,24.65867000707485
transparencia-brasil,Transparência Brasil,0,0,0,37.394758457832125,40.43750437976891
ciudadania-inteligente,Ciudadanía Inteligente,1,1,0,28.141395697492126,22.424744319559498
run-run-es,Run Run Es,0,0,0,35.826564511456034,38.09153777763676
central-del-movimiento-de-trabajadores-costarricenses-cmtc,Central Del Movimiento De Trabajadores Costarricenses -Cmtc-,1,1,0,24.258329330039306,32.3185642802174
direccion-general-de-informatica-de-la-municipalidad-de-rosario,Dirección General De Informática De La Municipalidad De Rosario,1,1,0,27.446708439898906,37.26037135707378
fundacion-nuevas-contingencias-sociales,Fundación Nuevas Contingencias Sociales,0,0,0,42.6434061884219,43.87919501396175
cooperativa-de-trabajo-tecnomatica-limitada,Cooperativa De Trabajo Tecnomática Limitada,1,1,0,39.389300323218905,22.765277186421308
plaza-publica,Plaza Pública,12,4,0,26.263170464592562,25.858124899973966
unidad-investigacion-periodistica,Unidad de Investigación Periodística,0,0,0,46.32152986205388,44.65198574696978
comunidad-huerta,Comunidad Huerta,0,0,0,22.22608950157586,57.52642544875306
open-knowledge-brasil,Open Knowledge Brasil,0,0,0,43.56374624378673,26.006644491344076
transparencia-por-colombia,Transparencia por Colombia,2,1,0,12.174096605369265,29.488471881667753
instituto-cordial,Instituto Cordial,0,0,0,33.75822354282277,51.13197119345242
municipio-de-yopal,Municipio De Yopal,0,0,0,48.21673311231264,27.59359593281391
instituto-cidade-democra-tica,Instituto Cidade Democra´Tica,0,0,0,22.351485750572582,56.113250323476706
fundacion-por-una-carrera,Fundación Por Una Carrera,0,0,0,47.64259938340952,38.480973117272384
ninja,X,0,0,0,37.513159409852896,31.946644333826306
corporacion-programa-de-desarrollo-para-la-paz,Corporación Programa De Desarrollo Para La Paz,0,0,0,47.05747119826025,46.01583727296583
ministerios-de-planificacion,X,1,1,0,17.06768647963549,34.8472849380591
ciudadanos-al-dia,Ciudadanos al Día,0,0,0,25.48187690543938,60.75144354772382
centro-de-educacão-e-assessoria-popular-mauriti-ce,Centro De Educação E Assessoria Popular Mauriti-Ce,0,0,0,42.97258614559244,38.22968911306888
hack-hackers-asuncion,Hack Hackers Asuncion,0,0,0,34.80300533265585,48.553988689842996
reporter-brasil,Repórter Brasil,1,1,0,21.043352984923864,37.672047193591105
enredo,Enredo,27,27,0,25.604213917367556,22.51310399121634
icij,X,2,2,3,14.599027320697703,29.822521078559557
fundacion-tres-cocos,Fundación Tres Cocos,0,0,0,30.535018505699885,57.31631105031437
nucleo-digital-nucleo-digital,"Núcleo Digital,Nucleo Digital",1,1,0,36.65644371316589,24.496859822151087
instituto-nossa-ilheus,Instituto Nossa Ilhéus,42,11,0,8.853264551846102,22.15527296462311
fundacion-costa-rica-para-la-innovacion,Fundación Costa Rica Para La Innovación,0,0,0,46.964956734414415,30.517443587349796
uienmerepresenta,¿QuiénMeRepresenta?,1,1,0,21.286121348056913,41.72853875882727
fundacion-accion-cultural-loyola-aclo,Fundación Acción Cultural Loyola (Aclo),0,0,0,22.711860623431022,43.83309641145375
seredipia,Seredipia,1,1,0,16.818239785567368,23.457003230200005
rutas-del-conflicto,Rutas del Conflicto,0,0,0,31.33720933847509,49.04943552085285
borde-politico-a-c,Borde Político A.C.,0,0,0,47.31062680477324,34.3798173406442
facultad-de-comunicaciones-de-la-universidad-pontifica-de-chile,Facultad De Comunicaciones De La Universidad Pontifica De Chile,28,28,71,25.760081238575605,22.753366497655843
jovenes-contra-la-violencia-centroamerica,Jóvenes Contra La Violencia/Centroamérica,5,4,0,8.645356860999312,35.494635373466906
ctrl-s-a,CTRL S.A.,1,1,0,39.64160202783103,21.151757902316184
directorio-legislativo,Directorio Legislativo,6,6,122.05000000000013,20.385195823895643,26.36509473468325
avina,Avina Americas,30,30,1045.7500000000007,24.033529990071603,23.499837737582748
fundacion-democracia-y-desarrollo,Fundación Democracia Y Desarrollo,0,0,0,17.837291028646966,58.64631631222367
la-voz-de-guanacaste,La Voz De Guanacaste,0,0,0,38.88197791715485,40.07652140895338
foro-de-periodismo-argentino,Foro de Periodismo Argentino,0,0,0,20.047881904974055,51.25079760871351
hacklab-servicos-de-tecnologia-ltda,Hacklab Serviços de Tecnologia LTDA.,3,3,0,15.680623106941017,36.277764689138294
fgv-gdhee-grupo-de-pesquisa-aplicada-em-direitos-humanos-e-empresas-da-fundacão-getulio-vargas,Fgv.Gdhee - Grupo De Pesquisa Aplicada Em Direitos Humanos E Empresas Da Fundação Getulio Vargas,3,3,0,10.10297861200824,24.87896898031789
labplc,X,27,27,0,25.278701573463074,22.71216377685523
random-monkey-sas,Random Monkey SAS,1,1,0,13.384029599962545,31.085387995692336
animal-s-de-r-l-de-c-v,Animal S. De R.L. De C.V,1,1,0,19.375471012963285,34.40684387665665
instituto-veredas,Instituto Veredas,0,0,0,22.740674266759058,45.4921191151043
cocreamos-s-a-s,Cocreamos S.A.S.,0,0,0,50.075297404426436,44.71328274059512
centro-eugenio-garza-sada,Centro Eugenio Garza Sada,0,0,0,45.911193933892655,52.51571292157598
creathink,Creathink,0,0,0,32.99244410661262,49.59044899237339
innovavista,Innovavista,1,1,0,43.42022645958406,21.331959840169834
policia-nacional-del-ecuador,Policía Nacional Del Ecuador,1,1,0,11.527170297674617,52.540358782866704
hack-hackers-lima,Hack Hackers Lima,0,0,0,43.16958502269186,39.63647693640259
yeeko-inteligencia-colectiva,Yeeko Inteligencia Colectiva,0,0,0,18.77391798237479,44.95578669083562
diario-la-nacion,Diario La Nación,7,5,4.583333333333333,20.420850651444038,25.134248626715152
gobiernateac,Gobiernateac,0,0,0,32.88921540953944,32.34470072641098
consejo-de-la-transparencia,Consejo De La Transparencia,0,0,0,41.57496396963075,40.30897523708137
loomio-cooperative-limited,Loomio Cooperative Limited,1,1,0,14.808344922919607,47.63413611041168
congreso-interactivo,Congreso Interactivo,0,0,0,24.004340997885507,54.45408927174769
asesorias-e-inversiones-comunidades-ciudadanas-s-a,Asesorías E Inversiones Comunidades Ciudadanas S.A.,0,0,0,46.89044912730073,25.087142643811948
guegue-vasquez-cia-ltda,Guegue Vasquez Cia Ltda,1,1,0,20.28156635247735,35.978182023282535
internet-of-government-iog,Internet Of Government (Iog),0,0,0,42.30924014095427,33.91032896283485
sonora-ciudadana-ac,Sonora Ciudadana,1,1,0,18.723154953288493,27.916747071322074
asociacion-civil-para-la-construccion-de-un-gobierno-abierto,Asociación Civil Para La Construcción De Un Gobierno Abierto,0,0,0,47.42440787900987,43.64189615602375
unam,X,0,0,0,48.62947890874831,40.9356849907515
cultura-peru,Cultura Peru,0,0,0,40.479172118334894,30.61976642538767
cristian-damian-cazon,Cristian Damián Cazón,0,0,0,50.791667630920514,35.93901488352797
municipalidad-de-san-jorge,Municipalidad De San Jorge,1,1,0,43.30082923664723,20.479449087628407
municipio-verde,Municipio Verde,0,0,0,34.717673726411185,58.483434955180975
fundacion-multitudes,Fundacion Multitudes,1,1,0,33.0403062960313,22.190392472280394
democracia-desarrollo-internacional-d-d-internacional,Democracia & Desarrollo Internacional (D&D Internacional),0,0,0,47.96602410195557,26.075882481775487
capitulo-boliviano-de-derechos-humanos-democracia-y-desarrollo,"Capítulo Boliviano De Derechos Humanos, Democracia Y Desarrollo",0,0,0,32.36731987752283,37.659603595066216
la-data-mx,La Data,0,0,0,17.371738774157066,57.10390882889396
colnodo-asociacion-colombiana-de-organizaciones-no-gubernamentales-para-la-comunicacion-via-correo-electronico,Colnodo – Asociación Colombiana De Organizaciones No Gubernamentales Para La Comunicación Vía Correo Electrónico,0,0,0,29.66765867704765,46.0885015502032
spaceshipslabs,Spaceshipslabs,1,1,0,27.48404026837648,31.633245279894517
colivre-cooperativa-de-tecnologias-livres,Colivre - Cooperativa De Tecnologias Livres,2,2,0,38.50248404864418,17.41414838253638
pides-innovacion-social,Pides Innovación Social,0,0,0,49.261877065516806,42.14862776063182
articulo-12-a-c-programa-sontusdatos,"Artículo 12, A.C. (Programa “Sontusdatos”)",0,0,0,23.084840466050235,51.97052022138843
ariel-cabezas,Ariel Cabezas,1,1,0,29.552763753204065,30.296187262984873
ladobe,X,27,27,0,24.803773339048192,22.72388034692492
fundacion-laboratorio-de-politicas-publicas-lpp,"Fundación Laboratorio De Políticas Públicas, Lpp",1,1,0,33.04148984616769,25.12370133997166
ifai,X,27,27,0,24.51101149857137,22.701082314457175
gerico,Gerico,0,0,0,18.07083997552998,48.99150756917164
que-si-cuente,X,0,0,0,40.62725931831246,51.6399579701383
acm-sim,Acm - Sim,0,0,0,43.44207531658979,51.47823698633592
casa-fluminense,Casa Fluminense,1,1,0,34.18163920110218,16.373986048226598
instituto-de-liderazgo-simone-de-beauvoir-a-c,Instituto De Liderazgo Simone De Beauvoir A.C.,0,0,0,44.762191903344885,21.818023797221915
grupo-de-investigacion-de-sistemas-basados-en-el-conocimiento-universidad-tecnica-particular-de-loja,Grupo De Investigación De Sistemas Basados En El Conocimiento - Universidad Técnica Particular De Loja,1,1,0,16.3687770415678,31.5172653767232
agenda-publica-agencia-de-analise-e-cooperacão-em-politicas-publicas,Agenda Pública - Agência De Análise E Cooperação Em Políticas Públicas,1,1,0,23.997165660015515,41.28844996499142
corporacion-integral-de-innovacion-social-innovar,"""Corporación Integral De Innovación Social \""Innovar\""",0,0,0,36.216124216938766,44.28890302973147
arequipa-te-queremos,"Arequipa, Te Queremos",3,3,0.25,7.813446584213897,43.196130166695575
secretaria-de-estado-dos-direitos-humanos-e-participacão-popular,Secretaria De Estado Dos Direitos Humanos E Participação Popular,2,2,0,37.61005746366055,17.75979889099933
suma,Sumá,1,1,0,14.877487600358045,19.097499828607145
direccion-de-gobierno-abierto-y-datos-abiertos-de-la-provincia-de-buenos-aires,Dirección De Gobierno Abierto Y Datos Abiertos De La Provincia De Buenos Aires,2,2,0.3333333333333333,30.524650765047124,23.282935867537827
dsarhoya-spa,Dsarhoya Spa,0,0,0,26.135990533763056,50.75283280625417
icom-instituto-comunitario-grande-florianopolis,Icom - Instituto Comunitário Grande Florianópolis,1,1,0,38.92808830242562,19.70973837994699
data-datos-abiertos-transparencia-y-acceso-a-la-informacion,DATA (Datos Abiertos Transparencia y Acceso a la información),2,2,0,28.490628898986564,18.574501389869063
tannder-corp,Tannder Corp,0,0,0,41.02412199932918,34.71670563111948
emagic,Emagic,1,1,0,28.504358620138742,33.91262494306075
asociacion-civil-japiqay,Asociación Civil Japiqay,3,2,0,12.784836844971341,49.489773874152625
referente,X,0,0,0,39.87153642968641,43.868581163991415
asociacion-chilena-de-voluntarios,Asociación Chilena De Voluntarios,1,1,0,24.93200318583812,35.071045539521
open-knowledge-foundation-brasil,"Open Knowledge Brasil,Open Knowledge Foundation Brasil",2,2,0,11.427440433775647,24.12003620590789
mega-cities,Mega Cities,1,1,0,11.11681444913673,40.184414174236906
troca-gestão-social-para-a-sustentabilidade,Troca: Gestão Social Para A Sustentabilidade,3,3,0,14.030262904765847,41.96751552309705
cityflag-sapi-de-cv,Cityflag Sapi De Cv,0,0,0,28.737065747036088,54.01429040912362
cemoplaf,Cemoplaf,0,0,0,34.2287744588926,59.9636679531843
sociedad-peruana-de-derecho-ambiental,Sociedad Peruana De Derecho Ambiental,0,0,0,40.85624023021797,42.55947387040658
instituto-de-arquitetos-do-brasil-departamento-de-são-paulo-iab-sp,Instituto De Arquitetos Do Brasil - Departamento De São Paulo (Iab-Sp),0,0,0,24.968333474532354,53.321686953507765
centro-de-innovacion-a-la-vivienda-civ-a-c,"Centro De Innovación A La Vivienda (Civ), A.C.",0,0,0,34.18720439056296,30.71182690178659
portal-brasil,Portal Brasil,2,2,0,22.74040761207131,16.865991477975356
socio-publico,Socio Público,2,2,0,6.788233918742534,29.390194312340938
nau-interativa,Nau Interativa,0,0,0,35.714911932810125,59.60283921427654
fundacion-girls-in-tech-chile,Fundacion Girls In Tech Chile,1,1,0,33.298827525264905,23.04110187525675
grupo-de-inovacion-e-inteligencia-ciudadana,Grupo De Inovacion E Inteligencia Ciudadana,0,0,0,21.86603423329577,48.59449128598738
gobierno-abierto-cdmx,Gobierno Abierto Cdmx,0,0,0,22.03178288715325,46.83498402434916
instituto-acuna,Instituto Acuña,0,0,0,48.60946823315741,48.44171574795391
proetica-capitulo-peruano-de-transparency-international,"Proética, Capítulo Peruano De Transparency International",1,1,0,20.559730211824597,44.45701582585253
hacklab-cochabamba,Hacklab Cochabamba,0,0,0,34.72539052470344,49.976399673154724
veeduria-distrital-de-bogota-veeduria-delegada-para-la-participacion-y-los-programas-especiales,"Veeduría Distrital De Bogotá, Veeduría Delegada Para La Participación Y Los Programas Especiales",0,0,0,36.269570946150345,56.67121390866023
asociacion-ecologica-de-los-municipios-de-santa-ana-asemusa,Asociación Ecológica De Los Municipios De Santa Ana (Asemusa),1,1,0,36.213091544494326,26.164999947049065
odpe-pe,Odpe.Pe,0,0,0,30.626076482228065,35.94231700687096
red-ciudadana,Red Ciudadana,0,0,0,23.47290832375534,48.299704170182956
associacão-comunitaria-de-bento-rodrigues,Associação Comunitária De Bento Rodrigues,3,3,0,13.471553490395806,42.38159971918212
datoselsalvador,Datoselsalvador,1,1,0,25.508902120280677,38.27820230647891
people-in-need,People In Need,0,0,0,39.298381855696235,31.596829717312872
open-data-venezuela,Open Data Venezuela,27,27,0,24.647454741858084,22.342872099395862
esc-de-ingenieria-electrica-electronica-y-de-telecomunicaciones,"Esc. De Ingeniería Eléctrica, Electrónica Y De Telecomunicaciones",4,4,0,12.957266276333124,34.49442678572275
hack-hackers-montevideo,X,0,0,0,43.701664651162055,24.637237610353623
wingu-tecnologia-sin-fines-de-lucro,"Wingu, Tecnología sin fines de lucro",8,5,79.5,18.59226496553777,26.517145205705138
documenta-analisis-y-accion-para-la-justicia-social-a-c,Documenta: Análisis Y Acción Para La Justicia Social A.C.,4,2,0,31.842142586453335,16.0232303133928
postdata-club-cuba,Postdata Club,0,0,0,48.44525505534225,44.6098346909815
politikei-co-governanca-no-legislativo,Politikei - co-governança no legislativo,0,0,0,45.663576670461474,46.076336642611295
asociacion-latin,Asociación Latin,0,0,0,29.06274745302509,59.5954949814608
fundacion-nicaraguense-para-la-defensa-del-medio-ambiente-y-proteccion-de-los-recursos-naturales-fundenatura,Fundación Nicaragüense Para La Defensa Del Medio Ambiente Y Protección De Los Recursos Naturales (Fundenatura),1,1,0,21.49189786052239,30.831389257320996
inesc-instituto-de-estudos-socioeconomicos,Inesc-Instituto De Estudos Socioeconômicos,42,11,0,9.370625432754299,22.05459654292975
mkk-group,Mkk Group,0,0,0,46.053021735850805,35.6788002871283
infoamazonia,InfoAmazonía,1,1,0,20.394751173025973,38.27042606628745
observatorio-ciudadano-de-la-educacion,Observatorio Ciudadano De La Educacion,0,0,0,25.90804350023872,52.21289194152793
instituto-socioambiental,Instituto Socioambiental,0,0,0,18.829747886533458,57.29119647408081
instituto-de-cidadania-empresarial-do-maranhão,Instituto De Cidadania Empresarial Do Maranhão,42,11,0,8.758967907289527,22.674969403523875
gire,Grupo de Información de reproducción Elegida,0,0,0,18.01811680485165,51.60386588972272
fundacion-democracia-digital-ecuador,Fundación Democracia Digital Ecuador,1,1,0,29.109913333336053,34.47382167297518
cobracriada-inteligenciaemrede,CobraCriada-#InteligênciaEmRede,1,1,0,36.83326449556644,19.884039892677187
open-data-peru,Open Data Perú,1,1,0,20.538122961246877,45.36781197582933
redlad,Redlad,0,0,0,22.85775439678767,53.48328239811059
dynamizeit,Dynamizeit,1,1,0,18.712052723135923,20.950654310010123
todavia-no-fue-creada-una-empresa,Todavia No Fue Creada Una Empresa,0,0,0,31.648742033940326,46.59327373364613
cooperativa-sula-batsu,Cooperativa Sulá Batsú,0,0,0,48.09225790532128,37.2056372745674
bgood-smart-philanthropy,Bgood Smart Philanthropy,0,0,0,30.97372942755253,34.11729413452884
cieds-centro-integrado-de-estudos-e-programas-de-desenvolvimento-sustentavel,Cieds - Centro Integrado De Estudos E Programas De Desenvolvimento Sustentável,0,0,0,32.77479739361359,44.977866642307326
constructora-proyecto-propio,Constructora Proyecto Propio,0,0,0,21.153916300247186,58.279458281098805
prince-consulting-kmt-business-education-sa,Prince Consulting (Kmt Business Education Sa),1,1,0,34.29755313366224,20.447906181768104
entre-ojos,Entre Ojos,0,0,0,39.58015851252954,35.24231479448033
instituto-del-fracaso-a-c,Instituto Del Fracaso A.C.,0,0,0,14.808134294541366,50.86539826335529
public-knowledge,Public Knowledge,1,1,0,20.32627502422305,32.49611549698445
asociacion-colectivo-mujeres-al-derecho,Asociación Colectivo Mujeres Al Derecho,0,0,0,43.575507216403246,48.50119519312294
consejeria-juridica-y-de-servicios-legales-de-la-cdmx,Consejería Jurídica Y De Servicios Legales De La Cdmx,1,1,0,17.13876718491094,19.441973652849008
open-knowledge,X,0,0,0,36.66348394855116,52.29230980858238
instituto-para-o-desenvolvimento-racional-das-cidades,Instituto Para O Desenvolvimento Racional Das Cidades,0,0,0,12.910023645845365,55.622163526240584
fundacion-contexto-ciudadano,Fundación Contexto Ciudadano,1,1,0,6.946190379951763,44.37079127357106
el-faro,El Faro,29,29,143.10000000000005,24.58917364285766,23.430138845062327
associacão-todos-por-um,X,2,2,1,15.712166649676512,39.57367854749928
faro-digital,Faro Digital,0,0,0,41.5158119490918,54.89748996830112
cedaps,Cedaps,1,1,0,30.84036977631323,28.51240425425972
anima-educacion,Anima Educación,1,1,0,17.24507055019081,21.323041453093413
tekis-tecnologia-avancadas-ltda,Tekis Tecnologia Avançadas Ltda.,1,1,0,39.498929110147124,19.015774239548936
asociacion-unacem,Asociación Unacem,2,2,0.25,8.188414241278444,41.54783537415735
visual-reporting-technologies,Visual Reporting Technologies,7,3,1,32.4372720312603,15.62709640047211
caribbean-open-institute,Caribbean Open Institute,0,0,0,32.02834993611194,53.46828558125361
nachhaltigkeit-educacão-ltda,Nachhaltigkeit Educação Ltda,3,3,0,13.253850994352359,41.386050361880564
on-the-move,On The Move,1,1,0,32.46626081349625,25.796730102259765
fundacion-mexicana-para-la-planeacion-familiar-a-c-mexfam,Fundación Mexicana Para La Planeación Familiar A. C. (Mexfam),0,0,0,29.558258973987826,52.40603749179862
ciudad-viva,Ciudad Viva,0,0,0,46.805272810099254,27.637404906363198
codeando-mexico,Codeando México,2,1,0,19.183937149469763,18.35953441171234
onc,X,0,0,0,49.9076267650001,30.079653647304177
